date,ball_1,ball_2,ball_3,ball_4,ball_5,lucky_ball,wins_5_1,wins_5_0,wins_1_1_and_0_1
04/03/2017,28,14,37,32,4,4,0,1,585454
01/03/2017,33,31,16,46,20,5,0,0,494834
27/02/2017,3,37,16,17,47,5,0,0,396176
25/02/2017,40,32,43,11,48,2,0,2,489719
22/02/2017,17,25,22,35,43,10,0,2,311568
20/02/2017,20,29,43,41,15,10,0,0,243287
18/02/2017,32,23,49,1,3,4,0,2,544954
15/02/2017,8,16,21,14,24,10,2,7,412139
13/02/2017,5,16,39,44,18,3,0,0,494002
11/02/2017,37,17,29,15,1,3,0,1,619286
08/02/2017,17,33,37,40,19,6,0,1,466120
06/02/2017,19,31,33,40,30,2,0,0,286701
04/02/2017,32,22,1,35,37,7,0,3,936044
01/02/2017,45,24,17,46,9,7,0,0,696662
30/01/2017,4,22,40,23,32,4,0,0,304909
28/01/2017,6,5,10,2,26,5,1,8,666412
25/01/2017,10,19,20,28,4,2,0,4,342602
23/01/2017,15,5,17,49,31,9,1,3,412318
21/01/2017,40,36,32,8,31,6,0,1,763199
18/01/2017,48,29,34,5,47,4,0,0,499317
16/01/2017,35,32,14,37,26,5,0,0,480847
14/01/2017,19,18,44,37,16,1,0,2,526347
11/01/2017,30,13,28,22,19,3,0,2,401870
09/01/2017,21,16,6,42,2,7,1,0,543885
07/01/2017,33,46,24,21,22,8,0,1,609705
04/01/2017,17,36,16,26,38,7,0,0,701032
02/01/2017,31,38,11,19,40,5,0,1,368533
31/12/2016,45,49,43,33,4,8,2,5,1157082
28/12/2016,34,35,16,39,15,4,0,1,411202
26/12/2016,3,16,27,29,37,6,1,2,391050
24/12/2016,22,48,7,20,35,1,0,0,880021
21/12/2016,25,42,17,39,22,6,0,1,438487
19/12/2016,17,40,41,26,3,7,0,0,509838
17/12/2016,13,5,16,32,2,5,0,1,639453
14/12/2016,10,9,44,14,46,7,1,2,674105
12/12/2016,12,14,11,6,36,6,0,0,332739
10/12/2016,41,43,27,24,28,9,1,1,573218
07/12/2016,5,44,7,2,45,3,0,1,438796
05/12/2016,29,30,23,6,26,4,0,4,320161
03/12/2016,11,13,38,4,44,7,0,2,880209
30/11/2016,9,33,31,3,40,5,1,0,466783
28/11/2016,41,45,20,10,38,6,0,0,309998
26/11/2016,9,21,44,6,11,7,1,1,842080
23/11/2016,47,7,25,2,12,7,1,3,673284
21/11/2016,7,18,12,45,3,8,0,1,324876
19/11/2016,34,48,41,46,36,7,0,3,880084
16/11/2016,37,48,1,26,24,7,0,0,666567
14/11/2016,41,6,14,16,26,2,0,1,277892
12/11/2016,29,11,19,16,2,8,0,7,537669
09/11/2016,3,22,47,14,8,5,0,4,455645
07/11/2016,1,46,21,6,31,6,0,0,335364
05/11/2016,16,42,21,6,34,5,1,3,650038
02/11/2016,26,1,49,7,14,10,1,8,364503
31/10/2016,11,35,16,29,41,4,0,1,369593
29/10/2016,21,36,44,26,14,4,0,5,610472
26/10/2016,1,46,20,40,35,10,0,2,360141
24/10/2016,18,29,36,17,23,7,0,4,549908
22/10/2016,29,41,3,43,35,8,0,3,611232
19/10/2016,32,28,29,26,38,1,0,1,363111
17/10/2016,8,31,48,39,22,4,0,3,349510
15/10/2016,47,30,41,32,39,7,0,0,913043
12/10/2016,2,19,34,47,23,2,0,2,357289
10/10/2016,18,19,3,48,9,2,0,2,276581
08/10/2016,5,26,28,46,35,9,0,0,541598
05/10/2016,18,28,15,2,43,3,0,1,413614
03/10/2016,46,43,7,22,8,10,0,0,235123
01/10/2016,13,42,8,16,23,1,0,3,455458
28/09/2016,44,46,29,42,45,3,1,0,405261
26/09/2016,4,23,26,19,27,7,2,5,486058
24/09/2016,33,32,31,41,43,10,0,1,432240
21/09/2016,30,15,40,13,20,10,2,5,317940
19/09/2016,41,37,20,18,45,10,0,1,247054
17/09/2016,12,3,4,34,25,2,0,4,449387
14/09/2016,29,18,37,7,47,7,1,1,688214
12/09/2016,6,5,11,13,22,10,0,9,274012
10/09/2016,46,38,29,31,19,6,0,3,621435
07/09/2016,26,34,38,13,42,9,0,3,397661
05/09/2016,43,48,7,42,30,4,0,1,315024
03/09/2016,36,24,45,49,47,5,0,4,647220
31/08/2016,12,26,19,47,10,1,0,3,320832
29/08/2016,44,36,49,25,48,2,0,0,245428
27/08/2016,45,21,2,31,23,8,1,1,555596
24/08/2016,3,4,34,41,42,2,0,0,350486
22/08/2016,21,44,42,12,34,7,0,0,491544
20/08/2016,35,10,28,43,15,9,0,0,493062
17/08/2016,12,21,35,24,40,4,0,0,375030
15/08/2016,16,31,25,27,26,7,0,0,417399
13/08/2016,33,1,9,6,46,6,0,2,536974
10/08/2016,49,30,19,17,7,3,2,5,390924
08/08/2016,1,26,2,36,3,7,0,0,459442
06/08/2016,44,12,7,25,31,10,1,4,398100
03/08/2016,18,27,39,44,24,3,1,0,416318
01/08/2016,45,29,36,42,24,7,0,0,481585
30/07/2016,30,9,22,46,23,9,0,1,501625
27/07/2016,34,7,44,19,8,6,0,2,403222
25/07/2016,3,29,46,5,1,4,0,0,280995
23/07/2016,2,27,33,21,15,10,1,5,401550
20/07/2016,32,1,13,29,46,1,0,1,303484
18/07/2016,29,25,2,39,20,7,1,0,533412
16/07/2016,45,21,46,48,11,4,0,1,546367
13/07/2016,30,28,47,34,7,10,0,1,355120
11/07/2016,36,35,2,25,27,4,0,1,354722
09/07/2016,46,15,6,39,3,10,0,1,552138
06/07/2016,26,38,47,13,16,8,1,4,381158
04/07/2016,12,10,25,22,47,1,0,3,241636
02/07/2016,8,24,31,17,16,5,1,2,613655
29/06/2016,17,22,9,14,48,10,0,1,280502
27/06/2016,22,23,8,41,24,7,1,1,464862
25/06/2016,16,20,19,35,49,3,1,0,534426
22/06/2016,4,27,10,36,5,9,0,1,362933
20/06/2016,38,4,45,13,43,10,0,2,220106
18/06/2016,18,33,10,20,39,3,0,2,541961
15/06/2016,34,2,8,5,33,10,0,4,292229
13/06/2016,28,36,5,21,8,8,1,0,317251
11/06/2016,7,17,22,46,44,6,2,3,625364
08/06/2016,45,6,8,49,33,9,0,1,389142
06/06/2016,23,32,48,47,25,5,0,0,372669
04/06/2016,39,2,16,19,25,1,0,1,455510
01/06/2016,27,35,26,44,22,10,0,2,299810
30/05/2016,6,38,7,13,40,3,0,1,298142
28/05/2016,19,3,1,14,13,6,1,3,590408
25/05/2016,20,12,36,21,4,3,0,0,403898
23/05/2016,41,48,22,26,7,2,1,2,264818
21/05/2016,41,26,23,12,48,4,0,3,547028
18/05/2016,22,1,40,38,49,9,0,1,386556
16/05/2016,36,38,31,6,16,1,1,0,223764
14/05/2016,42,28,30,1,27,5,0,1,652090
11/05/2016,31,44,29,19,15,10,0,0,318596
09/05/2016,24,29,4,11,14,1,0,6,276089
07/05/2016,35,33,42,20,14,4,0,2,537431
04/05/2016,15,7,42,8,24,9,0,1,393397
02/05/2016,47,36,43,48,26,6,0,1,328562
30/04/2016,49,29,2,30,36,7,0,4,859163
27/04/2016,9,36,25,45,44,10,0,2,295253
25/04/2016,39,19,13,18,22,6,1,0,324634
23/04/2016,26,15,22,2,17,7,0,4,848685
20/04/2016,12,15,36,41,13,9,0,2,361107
18/04/2016,47,29,24,38,26,7,1,0,495684
16/04/2016,33,25,36,39,40,9,1,0,576707
13/04/2016,31,49,34,2,4,4,0,1,454551
11/04/2016,34,29,4,26,25,2,0,0,291040
09/04/2016,42,49,39,14,16,6,0,1,633056
06/04/2016,21,19,28,24,44,5,0,0,500859
04/04/2016,36,7,48,11,8,3,0,1,347396
02/04/2016,29,34,18,22,19,1,0,4,469361
30/03/2016,43,20,46,35,23,6,0,1,426493
28/03/2016,26,2,28,4,15,2,0,1,212807
26/03/2016,14,3,20,17,1,1,1,5,574141
23/03/2016,14,19,17,8,5,9,0,6,382137
21/03/2016,3,34,42,37,10,2,0,1,259267
19/03/2016,49,13,4,36,18,5,0,0,639289
16/03/2016,43,18,11,7,9,10,1,6,340647
14/03/2016,19,39,27,14,36,8,0,1,338819
12/03/2016,27,17,9,25,46,6,0,1,647331
09/03/2016,40,22,20,19,41,2,0,2,363945
07/03/2016,11,6,49,41,12,1,0,1,274253
05/03/2016,34,5,14,49,23,6,0,2,633867
02/03/2016,40,48,44,20,34,2,0,1,370438
29/02/2016,13,3,1,24,45,1,0,5,263207
27/02/2016,11,47,13,10,28,6,1,4,645887
24/02/2016,20,18,44,1,49,7,0,0,711572
22/02/2016,23,2,5,48,26,5,0,1,393348
20/02/2016,9,33,34,41,20,8,0,2,595467
17/02/2016,29,17,40,34,2,10,0,2,320302
15/02/2016,37,21,38,4,10,5,0,1,398018
13/02/2016,38,30,27,41,10,4,1,5,910674
10/02/2016,44,46,1,27,48,10,0,3,338890
08/02/2016,30,1,28,39,11,6,0,0,348441
06/02/2016,44,25,2,41,28,9,0,1,551760
03/02/2016,5,44,24,28,25,3,1,3,538287
01/02/2016,18,36,13,40,48,4,0,2,402674
30/01/2016,1,3,31,11,49,1,0,4,570188
27/01/2016,31,44,48,37,32,9,0,1,461743
25/01/2016,12,4,38,10,41,3,0,0,380597
23/01/2016,42,3,15,41,33,3,0,2,643965
20/01/2016,34,21,9,42,31,8,0,2,475526
18/01/2016,2,5,3,10,1,4,0,17,358145
16/01/2016,17,45,26,27,13,6,0,3,656315
13/01/2016,30,11,35,33,3,2,0,1,397593
11/01/2016,41,29,19,43,14,9,0,1,341013
09/01/2016,22,39,4,49,45,6,0,4,651409
06/01/2016,49,22,14,5,2,4,0,3,452167
04/01/2016,34,43,23,15,40,3,0,0,336227
02/01/2016,19,44,37,46,10,10,0,0,442673
30/12/2015,16,2,34,25,1,5,0,1,573587
28/12/2015,10,12,7,20,45,7,1,3,584788
26/12/2015,15,21,20,38,43,1,0,3,509145
23/12/2015,13,17,28,46,42,2,0,5,607331
21/12/2015,11,19,33,41,7,3,3,8,395088
19/12/2015,4,25,42,39,38,7,0,1,982083
16/12/2015,46,41,24,35,22,10,0,5,356473
14/12/2015,31,49,7,20,11,7,0,2,558177
12/12/2015,13,40,2,34,15,8,0,1,732023
09/12/2015,6,34,12,49,10,7,0,0,685619
07/12/2015,22,28,42,37,14,10,0,6,252336
05/12/2015,9,26,47,20,27,7,0,3,901275
02/12/2015,39,9,3,45,10,7,0,3,667267
30/11/2015,27,19,5,35,40,9,0,1,285378
28/11/2015,30,19,37,12,46,9,0,5,525629
25/11/2015,24,18,22,41,7,3,0,3,394439
23/11/2015,47,12,14,37,20,6,1,1,306210
21/11/2015,43,24,12,18,16,10,1,3,494432
18/11/2015,25,23,5,1,47,1,0,5,380323
16/11/2015,28,47,40,12,42,1,0,1,311385
14/11/2015,34,29,47,10,37,10,0,0,452245
11/11/2015,17,1,6,13,15,2,0,6,326748
09/11/2015,25,32,8,37,39,10,0,0,251108
07/11/2015,7,32,4,23,28,1,0,2,483518
04/11/2015,32,11,8,21,15,6,0,2,433033
02/11/2015,21,32,8,48,7,4,0,2,315846
31/10/2015,33,36,48,43,34,10,0,2,432551
28/10/2015,49,2,17,30,5,2,0,1,320168
26/10/2015,17,19,23,4,49,3,0,2,298421
24/10/2015,7,12,39,29,11,2,1,1,470076
21/10/2015,25,35,22,26,31,6,0,1,425169
19/10/2015,36,33,31,48,47,7,0,2,484479
17/10/2015,22,33,14,46,9,8,0,1,544679
14/10/2015,38,20,33,6,35,2,0,1,338451
12/10/2015,1,16,49,3,4,4,0,1,300288
10/10/2015,41,23,15,30,45,7,1,3,869707
07/10/2015,29,27,2,14,28,9,0,2,383726
05/10/2015,27,28,13,31,42,6,0,1,321213
03/10/2015,27,18,8,37,20,4,2,2,607047
30/09/2015,16,18,15,35,26,7,0,5,672346
28/09/2015,23,39,37,36,49,8,0,1,318479
26/09/2015,14,13,4,24,21,1,0,6,452736
23/09/2015,35,49,18,20,31,3,0,1,409125
21/09/2015,42,47,28,27,12,5,0,1,372132
19/09/2015,2,25,43,16,33,9,1,1,630736
16/09/2015,7,34,42,11,17,6,0,4,539949
14/09/2015,3,43,48,37,49,2,0,1,324151
12/09/2015,41,1,30,38,31,10,0,4,504475
09/09/2015,3,19,10,44,41,7,0,1,733071
07/09/2015,5,19,21,32,29,3,0,0,378661
05/09/2015,24,45,14,25,42,9,0,1,646551
02/09/2015,29,6,9,17,28,2,0,4,350486
31/08/2015,12,41,38,1,31,4,0,0,311407
29/08/2015,43,40,2,38,23,8,0,1,523205
26/08/2015,44,26,41,15,37,8,0,5,379846
24/08/2015,6,5,17,42,30,1,0,0,234998
22/08/2015,19,4,20,29,49,9,1,4,504455
19/08/2015,21,6,45,34,38,4,0,1,394338
17/08/2015,29,9,26,36,42,1,0,2,252634
15/08/2015,49,13,6,25,47,4,0,4,485256
12/08/2015,15,43,1,24,8,2,0,3,316942
10/08/2015,37,44,14,12,28,5,0,2,346757
08/08/2015,12,8,11,35,33,9,1,0,482936
05/08/2015,34,10,22,36,9,4,0,3,373446
03/08/2015,48,10,49,1,39,1,1,0,248370
01/08/2015,9,31,24,34,23,9,0,0,497920
29/07/2015,22,2,3,42,36,9,0,0,366973
27/07/2015,14,28,37,41,6,5,0,0,350139
25/07/2015,43,7,5,10,13,4,1,1,521421
22/07/2015,36,30,33,31,24,1,0,2,303775
20/07/2015,31,17,2,24,29,1,0,0,233380
18/07/2015,45,41,37,35,18,3,1,5,543673
15/07/2015,46,2,30,43,14,8,0,0,360242
13/07/2015,22,39,31,37,29,8,0,0,300939
11/07/2015,14,26,4,23,36,1,1,5,570113
08/07/2015,5,39,32,42,20,7,0,0,648773
06/07/2015,17,12,36,35,43,3,0,1,307858
04/07/2015,4,49,38,29,40,3,0,1,538291
01/07/2015,49,5,19,18,38,10,0,1,279550
29/06/2015,14,16,2,12,42,7,0,1,463722
27/06/2015,47,14,42,40,29,4,1,2,525129
24/06/2015,29,49,38,25,41,2,0,0,315703
22/06/2015,35,43,37,24,38,2,0,0,243816
20/06/2015,32,8,3,13,37,4,1,2,542683
17/06/2015,44,30,26,48,41,1,0,1,335510
15/06/2015,35,19,37,22,16,2,0,1,262719
13/06/2015,16,11,29,15,46,4,0,2,539643
10/06/2015,12,46,40,8,19,8,0,1,403751
08/06/2015,41,3,8,9,44,10,2,0,277184
06/06/2015,4,24,29,47,30,3,0,2,628543
03/06/2015,12,18,30,25,47,2,0,4,373771
01/06/2015,3,38,4,49,12,2,0,3,308769
30/05/2015,43,6,30,47,45,5,0,2,798076
27/05/2015,22,32,42,8,29,3,0,2,407069
25/05/2015,44,35,49,15,29,3,0,2,263338
23/05/2015,45,41,12,26,19,7,0,5,868628
20/05/2015,12,10,22,37,41,10,2,0,304824
18/05/2015,38,41,39,2,10,5,0,2,364578
16/05/2015,39,8,22,46,23,3,0,1,531018
13/05/2015,45,22,37,15,6,5,1,2,549283
11/05/2015,49,1,34,28,31,4,0,3,335687
09/05/2015,4,46,8,29,40,3,0,4,567927
06/05/2015,35,32,29,7,34,10,0,0,336487
04/05/2015,14,30,48,8,49,1,0,1,266739
02/05/2015,46,33,30,19,3,5,0,2,634588
29/04/2015,42,20,2,35,49,3,0,1,403132
27/04/2015,15,28,43,41,5,4,0,1,298104
25/04/2015,30,20,29,10,27,6,1,2,578060
22/04/2015,10,43,21,25,45,5,1,1,541954
20/04/2015,10,37,28,15,2,2,0,2,304057
18/04/2015,44,1,49,38,20,3,0,1,613697
15/04/2015,43,6,10,30,39,5,0,4,542514
13/04/2015,41,9,43,48,36,2,0,1,301630
11/04/2015,45,41,5,17,33,9,0,6,602099
08/04/2015,15,36,38,30,2,2,0,0,370032
06/04/2015,31,16,33,17,1,3,0,0,285086
04/04/2015,33,15,23,28,39,1,0,1,483550
01/04/2015,13,21,25,20,41,4,0,1,420226
30/03/2015,4,20,13,10,32,1,0,5,252091
28/03/2015,20,19,40,39,27,8,0,1,560095
25/03/2015,43,10,20,9,17,7,0,2,645978
23/03/2015,48,49,3,1,20,7,1,3,510890
21/03/2015,28,47,41,22,21,5,0,3,668078
18/03/2015,26,15,10,4,30,5,0,5,498220
16/03/2015,35,11,49,7,48,7,0,1,510866
14/03/2015,30,39,3,14,8,10,0,2,411779
11/03/2015,49,2,35,1,36,4,0,1,407954
09/03/2015,35,31,26,34,28,5,0,0,384666
07/03/2015,48,9,18,43,3,2,0,1,484247
04/03/2015,32,16,8,23,34,4,0,2,405038
02/03/2015,17,11,27,48,23,1,1,1,276063
28/02/2015,14,46,5,30,36,6,0,0,629206
25/02/2015,44,47,20,30,29,1,0,2,346538
23/02/2015,40,3,22,4,28,2,0,0,257500
21/02/2015,3,45,47,13,27,4,0,0,554784
18/02/2015,44,21,29,9,25,7,1,1,675324
16/02/2015,36,14,9,1,20,2,1,0,260255
14/02/2015,27,41,38,26,2,7,1,2,941831
11/02/2015,13,40,24,17,45,3,3,2,459121
09/02/2015,40,49,34,27,4,2,0,1,286901
07/02/2015,21,29,7,37,19,2,0,1,530071
04/02/2015,49,9,28,24,35,4,0,1,434787
02/02/2015,17,16,14,1,11,10,0,1,251393
31/01/2015,14,31,46,25,4,5,0,0,702982
28/01/2015,41,12,33,9,16,1,0,1,334571
26/01/2015,18,17,27,35,40,6,1,1,343628
24/01/2015,36,44,21,13,5,1,0,6,471869
21/01/2015,19,6,34,49,42,10,0,0,322428
19/01/2015,25,4,18,7,35,4,0,2,305698
17/01/2015,43,19,30,39,40,4,1,1,667409
14/01/2015,23,18,7,2,21,6,0,3,564972
12/01/2015,20,15,27,13,34,1,0,0,317979
10/01/2015,18,5,33,2,23,4,0,3,629957
07/01/2015,20,29,21,33,7,1,0,0,412862
05/01/2015,37,8,49,31,45,7,0,0,611961
03/01/2015,31,32,12,28,48,3,0,1,653341
31/12/2014,46,43,41,37,34,10,0,6,792083
29/12/2014,30,26,44,27,49,1,0,1,265351
27/12/2014,20,48,34,39,4,10,0,0,417160
24/12/2014,31,36,4,22,18,7,1,3,1247505
22/12/2014,34,35,23,16,6,8,0,0,344652
20/12/2014,19,10,26,21,22,9,0,6,571063
17/12/2014,32,46,6,8,13,10,0,0,306052
15/12/2014,23,47,41,42,15,4,0,2,320383
13/12/2014,43,13,10,20,38,1,0,6,456804
10/12/2014,27,11,16,3,8,6,1,5,481928
08/12/2014,10,14,43,32,47,10,0,1,260800
06/12/2014,43,37,20,10,18,8,0,1,583806
03/12/2014,49,26,28,31,11,7,0,1,689725
01/12/2014,43,49,40,48,44,8,0,2,306831
29/11/2014,18,44,2,47,49,2,0,0,468580
26/11/2014,5,34,47,12,20,3,0,4,392900
24/11/2014,18,47,49,32,17,3,0,2,290899
22/11/2014,22,1,44,9,26,10,1,2,429463
19/11/2014,41,18,13,14,29,3,0,3,440158
17/11/2014,23,47,16,48,35,10,0,1,223640
15/11/2014,28,16,39,23,3,10,0,9,422494
12/11/2014,27,13,19,40,23,5,0,5,465888
10/11/2014,24,23,30,6,18,7,0,3,506032
08/11/2014,40,14,46,27,7,5,1,4,676102
05/11/2014,27,24,37,46,1,1,0,3,330233
03/11/2014,34,45,18,44,24,8,0,2,305606
01/11/2014,48,29,2,36,9,10,0,2,379613
29/10/2014,32,18,17,6,29,9,1,2,444957
27/10/2014,13,32,12,28,33,6,0,1,385641
25/10/2014,14,39,24,49,47,4,0,1,701211
22/10/2014,10,19,47,35,33,2,0,0,321054
20/10/2014,30,40,13,21,26,5,0,0,347210
18/10/2014,1,43,24,15,27,7,1,2,886114
15/10/2014,28,9,37,41,46,10,0,1,286420
13/10/2014,29,15,1,12,30,1,0,2,246470
11/10/2014,24,19,10,28,15,9,1,6,568247
08/10/2014,13,4,21,43,23,10,0,3,315082
06/10/2014,20,22,46,40,9,7,0,1,506510
04/10/2014,14,45,29,12,41,7,0,3,910150
01/10/2014,17,42,44,27,16,8,0,1,400250
29/09/2014,41,28,17,4,33,5,0,2,357466
27/09/2014,26,29,9,35,38,5,0,0,644858
24/09/2014,16,49,10,38,25,9,1,3,414096
22/09/2014,44,31,26,1,13,6,0,0,331300
20/09/2014,34,31,25,46,22,6,0,2,593448
17/09/2014,23,18,10,6,3,4,0,7,404640
15/09/2014,16,44,2,10,35,6,0,1,329524
13/09/2014,7,28,27,23,33,1,0,2,447363
10/09/2014,6,16,31,26,40,7,0,1,652326
08/09/2014,1,40,17,43,42,10,1,1,222124
06/09/2014,42,14,15,13,3,7,1,2,1064135
03/09/2014,10,38,20,4,13,4,0,1,386579
01/09/2014,42,22,47,16,38,1,1,0,250368
30/08/2014,25,40,30,36,6,8,0,2,543946
27/08/2014,4,44,32,22,14,2,0,3,325353
25/08/2014,26,9,45,31,43,1,1,1,256134
23/08/2014,7,17,29,26,21,7,0,4,856779
20/08/2014,22,33,31,41,15,4,0,2,384244
18/08/2014,24,45,19,1,46,3,0,1,305488
16/08/2014,22,40,23,37,9,4,0,0,493776
13/08/2014,3,18,13,43,28,5,1,4,482744
11/08/2014,36,32,11,46,25,7,1,1,525989
09/08/2014,34,4,5,9,21,7,0,3,890411
06/08/2014,13,41,34,21,15,8,0,5,443550
04/08/2014,16,28,36,24,43,6,0,1,324770
02/08/2014,25,32,4,8,41,10,0,1,416021
30/07/2014,25,7,13,9,8,9,0,5,374245
28/07/2014,45,14,1,42,43,9,0,0,278068
26/07/2014,1,5,43,41,22,4,0,0,506992
23/07/2014,1,32,8,15,24,6,0,0,391353
21/07/2014,21,3,9,27,10,4,1,5,296507
19/07/2014,8,44,29,43,45,6,0,1,555411
16/07/2014,42,3,36,28,49,7,1,1,739798
14/07/2014,21,41,32,38,37,9,0,0,296918
12/07/2014,29,23,22,13,1,1,0,5,642414
09/07/2014,8,6,36,4,34,5,1,1,474417
07/07/2014,31,41,32,14,13,10,0,0,214080
05/07/2014,25,11,7,33,3,6,1,6,562685
02/07/2014,36,27,8,39,47,3,1,1,423054
30/06/2014,47,27,5,24,46,2,0,0,252907
28/06/2014,40,24,22,13,43,3,0,1,553593
25/06/2014,5,4,23,30,41,4,0,1,381265
23/06/2014,40,38,32,4,31,4,0,2,288367
21/06/2014,11,3,30,29,32,1,1,2,497358
18/06/2014,47,13,30,9,18,3,0,4,477115
16/06/2014,5,37,16,42,3,1,0,3,300895
14/06/2014,7,24,18,34,5,5,0,3,690729
11/06/2014,22,9,42,15,32,6,1,2,458471
09/06/2014,47,34,45,35,10,9,0,1,272032
07/06/2014,5,37,45,38,21,2,0,1,500070
04/06/2014,43,36,8,22,3,3,0,1,427647
02/06/2014,41,35,47,26,22,5,0,1,379031
31/05/2014,16,2,28,40,14,1,0,2,437401
28/05/2014,9,26,8,48,46,7,0,2,667237
26/05/2014,3,8,40,39,32,1,1,1,279843
24/05/2014,40,18,39,24,17,1,0,4,598255
21/05/2014,49,9,35,23,1,1,0,5,308140
19/05/2014,49,41,8,9,40,3,1,6,420440
17/05/2014,48,41,37,32,43,7,0,5,1044138
14/05/2014,6,25,21,5,33,1,0,2,412154
12/05/2014,43,33,36,12,2,5,0,2,481993
10/05/2014,37,6,15,21,17,4,0,2,638652
07/05/2014,6,46,47,11,1,5,0,5,599645
05/05/2014,28,16,37,19,2,10,0,3,283627
03/05/2014,16,5,41,11,36,5,0,2,750817
30/04/2014,32,35,19,23,43,10,0,3,357021
28/04/2014,45,32,19,49,36,7,0,1,573792
26/04/2014,2,38,43,14,3,4,0,0,592168
23/04/2014,3,30,10,29,39,10,0,0,319324
21/04/2014,27,9,38,18,20,1,0,1,229157
19/04/2014,22,40,21,12,45,8,0,2,804510
16/04/2014,26,25,12,49,8,1,1,1,317617
14/04/2014,11,7,43,45,14,3,0,0,334686
12/04/2014,5,34,42,16,10,10,0,0,401312
09/04/2014,28,14,39,12,38,10,0,1,281116
07/04/2014,23,42,11,31,13,4,0,3,285204
05/04/2014,40,9,22,13,45,5,2,6,652218
02/04/2014,6,41,28,16,34,4,1,2,396292
31/03/2014,28,6,7,32,2,4,0,0,290722
29/03/2014,19,12,28,29,45,4,0,2,530459
26/03/2014,40,47,38,11,21,6,0,1,407528
24/03/2014,18,41,39,21,37,9,3,5,301663
22/03/2014,20,49,14,26,4,2,0,5,479149
19/03/2014,27,19,5,26,28,9,0,2,391676
17/03/2014,8,33,22,45,19,6,0,1,328035
15/03/2014,5,26,30,15,37,4,0,2,538140
12/03/2014,42,36,1,20,25,10,0,2,284759
10/03/2014,43,16,4,6,30,9,1,1,326787
08/03/2014,35,40,6,46,15,7,0,4,955057
05/03/2014,12,1,32,42,31,1,0,1,336924
03/03/2014,41,40,28,21,36,10,0,0,228224
01/03/2014,17,20,15,5,4,5,0,6,688506
26/02/2014,19,41,5,22,33,1,0,2,318798
24/02/2014,18,8,5,21,38,7,0,0,488859
22/02/2014,30,26,48,32,1,10,0,0,437508
19/02/2014,44,32,25,47,27,7,1,3,685614
17/02/2014,20,32,9,23,1,1,0,2,248913
15/02/2014,33,4,12,49,18,9,2,0,567217
12/02/2014,7,16,48,15,10,7,0,2,669279
10/02/2014,18,11,41,45,17,2,0,3,256143
08/02/2014,6,7,39,38,14,7,0,2,891233
05/02/2014,2,48,16,7,41,8,1,1,420321
03/02/2014,44,33,5,1,13,2,0,1,269309
01/02/2014,21,2,48,41,10,6,0,3,597616
29/01/2014,35,8,6,25,2,8,2,1,465839
27/01/2014,46,19,33,1,48,4,0,2,343220
25/01/2014,18,37,17,14,30,5,0,0,718063
22/01/2014,38,42,1,22,40,7,0,0,718982
20/01/2014,10,1,42,40,35,5,0,0,409217
18/01/2014,43,1,37,47,2,8,0,1,603121
15/01/2014,7,20,35,37,30,6,0,4,465353
13/01/2014,33,3,47,29,20,4,0,1,329537
11/01/2014,35,25,18,8,39,9,0,1,569666
08/01/2014,4,42,29,45,14,8,0,1,431497
06/01/2014,30,29,17,13,19,9,0,2,312551
04/01/2014,1,29,45,6,16,5,1,3,768959
01/01/2014,39,37,34,26,6,7,0,1,705780
30/12/2013,20,22,44,41,11,8,0,1,630652
28/12/2013,1,16,20,32,26,7,0,4,904088
25/12/2013,36,23,45,28,24,3,0,0,384658
23/12/2013,34,29,41,37,18,5,1,2,692195
21/12/2013,24,18,19,33,10,4,0,1,582072
18/12/2013,36,46,38,8,30,1,0,0,322391
16/12/2013,36,31,1,37,33,6,0,0,318770
14/12/2013,46,45,8,30,18,1,0,0,426020
11/12/2013,43,4,39,40,27,8,0,1,483688
09/12/2013,45,33,20,24,6,6,0,0,387698
07/12/2013,17,14,2,8,34,7,0,4,1009663
04/12/2013,21,34,27,25,29,3,0,2,478621
02/12/2013,33,34,19,40,36,5,0,2,434247
30/11/2013,19,36,20,40,2,2,0,3,513682
27/11/2013,16,12,45,34,11,9,0,1,403337
25/11/2013,27,15,16,4,42,4,0,2,302823
23/11/2013,4,2,48,12,33,9,0,1,547399
20/11/2013,35,28,46,14,18,1,0,3,316400
18/11/2013,36,46,29,3,28,10,0,0,232480
16/11/2013,38,44,20,29,33,8,0,2,562916
13/11/2013,7,38,16,36,47,6,0,0,424952
11/11/2013,42,48,32,12,16,9,0,0,237031
09/11/2013,39,33,12,30,9,4,2,1,549998
06/11/2013,20,40,30,16,6,3,0,6,419492
04/11/2013,13,18,8,24,15,6,0,5,310350
02/11/2013,7,12,4,13,18,9,3,3,529101
30/10/2013,46,48,14,21,35,1,0,2,307454
28/10/2013,44,32,8,14,23,8,0,4,287165
26/10/2013,40,3,35,42,47,7,0,0,862259
23/10/2013,5,11,20,22,10,3,3,4,489617
21/10/2013,25,32,35,17,36,7,0,2,549752
19/10/2013,33,49,44,8,25,1,0,2,488951
16/10/2013,9,12,40,23,14,8,0,2,449948
14/10/2013,21,35,19,15,33,4,0,1,364891
12/10/2013,24,32,22,4,17,8,0,3,739667
09/10/2013,1,26,18,20,12,2,0,3,329547
07/10/2013,16,31,6,46,15,5,0,2,351568
05/10/2013,9,7,14,27,38,9,1,6,528310
02/10/2013,11,21,39,17,6,7,1,1,686750
30/09/2013,10,26,45,15,28,9,0,1,287811
28/09/2013,34,29,45,1,9,5,0,1,645001
25/09/2013,6,2,44,43,12,5,0,4,469164
23/09/2013,2,11,21,1,36,1,0,1,221042
21/09/2013,41,30,17,26,16,9,1,1,525164
18/09/2013,35,26,45,4,40,3,1,0,423846
16/09/2013,6,15,24,38,26,5,0,0,369350
14/09/2013,49,18,28,24,43,7,0,1,858891
11/09/2013,35,13,7,6,23,2,0,3,323489
09/09/2013,22,23,35,3,5,7,0,1,462938
07/09/2013,25,24,44,11,1,3,2,4,596429
04/09/2013,49,6,25,17,42,6,0,3,445452
02/09/2013,46,16,20,41,8,8,0,1,304644
31/08/2013,26,3,2,33,14,7,0,6,844445
28/08/2013,40,23,30,2,33,1,0,1,298351
26/08/2013,49,1,9,14,25,10,1,6,212187
24/08/2013,39,11,5,29,41,7,0,2,843082
21/08/2013,39,12,38,11,26,10,0,3,274916
19/08/2013,40,25,2,3,46,9,0,0,270967
17/08/2013,43,33,32,26,41,10,0,3,374168
14/08/2013,30,22,5,35,17,2,1,0,320089
12/08/2013,4,11,38,28,21,7,1,0,472477
10/08/2013,19,5,41,15,24,5,0,5,627772
07/08/2013,45,33,16,40,3,4,0,1,378469
05/08/2013,24,39,11,6,43,4,0,7,273606
03/08/2013,44,22,33,27,17,9,2,5,498301
31/07/2013,28,31,23,41,8,7,1,1,650469
29/07/2013,4,34,40,35,36,5,0,0,357127
27/07/2013,35,44,29,37,10,4,0,2,505218
24/07/2013,27,37,19,36,44,3,1,1,418603
22/07/2013,12,32,29,7,38,1,0,5,226609
20/07/2013,48,28,9,17,30,7,0,2,839790
17/07/2013,16,8,17,48,31,4,2,5,391221
15/07/2013,34,7,43,33,44,9,0,2,284431
13/07/2013,31,21,37,10,28,8,1,8,815283
10/07/2013,31,37,24,39,14,7,0,2,783859
08/07/2013,44,8,24,25,26,5,0,0,484078
06/07/2013,13,35,30,44,12,2,0,1,553451
03/07/2013,36,2,7,25,39,4,0,1,487624
01/07/2013,5,31,21,37,38,6,0,1,424544
29/06/2013,23,37,8,14,9,7,0,0,962270
26/06/2013,39,16,19,29,12,8,0,2,455769
24/06/2013,29,5,24,19,10,1,0,3,274181
22/06/2013,21,26,37,16,35,8,0,2,612864
19/06/2013,32,22,17,43,19,1,0,3,339894
17/06/2013,38,39,3,17,1,1,0,1,258618
15/06/2013,32,38,26,4,23,2,0,2,501827
12/06/2013,20,40,46,3,44,4,0,2,426298
10/06/2013,13,15,3,35,32,1,0,0,247751
08/06/2013,19,33,29,32,17,2,0,2,487965
05/06/2013,27,41,23,25,4,1,0,0,321759
03/06/2013,14,4,38,34,25,9,0,0,287584
01/06/2013,21,30,8,7,6,3,0,4,588996
29/05/2013,34,41,48,23,45,7,0,1,660184
27/05/2013,37,15,9,28,13,2,0,2,237177
25/05/2013,42,7,36,13,40,2,1,3,681511
22/05/2013,3,34,2,17,13,9,0,0,383457
20/05/2013,47,27,25,23,9,3,0,1,262925
18/05/2013,4,5,20,7,17,3,1,10,572231
15/05/2013,32,27,8,13,11,4,2,2,492065
13/05/2013,23,29,40,49,15,5,0,1,494495
11/05/2013,26,49,45,3,16,9,0,4,603886
08/05/2013,13,5,43,25,15,10,0,2,328789
06/05/2013,48,13,15,24,23,7,0,0,570678
04/05/2013,6,13,40,45,15,4,0,0,625191
01/05/2013,7,41,31,32,4,9,0,0,390832
29/04/2013,12,21,39,11,27,9,0,0,327845
27/04/2013,17,26,39,19,9,10,0,5,475856
24/04/2013,1,48,13,6,5,9,0,5,411403
22/04/2013,22,16,11,37,14,1,0,1,271643
20/04/2013,28,24,3,42,9,9,0,8,563135
17/04/2013,38,16,32,12,29,8,0,1,426987
15/04/2013,45,20,21,26,46,3,0,0,326788
13/04/2013,23,43,22,41,33,4,0,2,585869
10/04/2013,9,18,3,45,28,5,0,4,530269
08/04/2013,19,6,38,8,37,2,0,2,253759
06/04/2013,15,29,42,1,33,7,0,1,896552
03/04/2013,36,18,37,42,45,8,0,2,460389
01/04/2013,47,16,10,43,27,2,0,1,207114
30/03/2013,26,10,9,30,34,2,0,1,478188
27/03/2013,21,47,24,49,33,3,0,0,430411
25/03/2013,29,25,14,41,10,4,0,1,279845
23/03/2013,17,11,41,9,24,6,0,3,589254
20/03/2013,37,5,1,49,12,7,2,1,658072
18/03/2013,10,20,18,24,32,9,0,2,278961
16/03/2013,16,5,46,33,38,5,0,1,658907
13/03/2013,13,12,34,41,40,7,1,2,659823
11/03/2013,8,16,44,7,49,6,2,2,316765
09/03/2013,49,4,40,11,22,5,1,3,716474
06/03/2013,28,36,42,26,44,4,0,1,441039
04/03/2013,47,1,45,9,30,10,0,1,242192
02/03/2013,18,38,5,22,30,2,0,3,476512
27/02/2013,25,40,21,34,6,7,0,1,670048
25/02/2013,43,18,17,14,46,2,0,1,240157
23/02/2013,47,36,42,30,45,5,0,2,653486
20/02/2013,6,8,42,27,7,1,0,0,314970
18/02/2013,2,13,19,41,5,5,1,1,364754
16/02/2013,19,34,26,27,4,6,1,3,685963
13/02/2013,39,48,19,46,14,2,0,2,577030
11/02/2013,25,42,1,36,45,7,0,0,496863
09/02/2013,23,5,2,47,4,7,0,2,920406
06/02/2013,40,3,7,33,25,1,0,2,333946
04/02/2013,34,33,18,6,30,2,0,0,258227
02/02/2013,45,33,7,6,34,3,0,0,590639
30/01/2013,41,31,40,11,48,5,1,1,500302
28/01/2013,38,29,20,40,28,9,0,1,278329
26/01/2013,18,39,2,23,34,6,2,3,630053
23/01/2013,11,49,36,9,19,6,0,3,455404
21/01/2013,35,7,32,38,22,6,0,1,332385
19/01/2013,22,23,45,42,9,8,0,0,586158
16/01/2013,27,6,16,24,46,5,0,3,510485
14/01/2013,35,30,10,37,7,6,0,0,335769
12/01/2013,13,48,40,6,37,7,1,3,955791
09/01/2013,30,33,22,29,26,9,1,3,485662
07/01/2013,45,31,15,32,48,5,0,0,460720
05/01/2013,30,46,47,6,45,6,0,1,696511
02/01/2013,33,21,37,22,31,4,0,2,427610
31/12/2012,4,47,21,44,36,3,0,2,822653
29/12/2012,45,7,11,37,23,4,1,12,602660
26/12/2012,3,17,31,5,2,9,0,3,370965
24/12/2012,5,12,32,7,47,6,0,7,421388
22/12/2012,47,1,2,34,24,1,1,3,604322
19/12/2012,5,10,25,19,49,8,2,5,417916
17/12/2012,16,27,39,29,32,5,0,2,367599
15/12/2012,26,24,11,33,41,9,1,1,555618
12/12/2012,37,19,32,36,20,4,1,3,886776
10/12/2012,36,16,4,20,47,8,0,0,336320
08/12/2012,22,47,45,24,28,2,0,4,501480
05/12/2012,28,24,36,45,27,8,0,0,439629
03/12/2012,39,25,16,6,11,6,0,2,328540
01/12/2012,19,25,12,45,44,10,0,6,435022
28/11/2012,16,34,28,4,11,1,0,2,318433
26/11/2012,35,15,48,44,9,6,0,0,318800
24/11/2012,18,21,19,5,28,2,0,2,456692
21/11/2012,10,43,6,4,46,10,0,3,301218
19/11/2012,6,41,16,1,3,1,0,1,221717
17/11/2012,8,6,27,37,33,7,1,0,898927
14/11/2012,29,40,39,46,21,8,0,2,410360
12/11/2012,25,45,20,6,48,7,0,2,469813
10/11/2012,19,46,17,3,43,5,2,1,830989
07/11/2012,34,16,21,2,40,7,0,0,659259
05/11/2012,27,14,37,9,33,7,2,1,519393
03/11/2012,15,11,9,22,36,8,0,2,595960
31/10/2012,29,23,41,16,5,1,0,5,339983
29/10/2012,19,16,46,13,38,7,0,1,486165
27/10/2012,29,2,41,47,10,1,0,0,446042
24/10/2012,30,24,5,40,17,7,0,2,687253
22/10/2012,28,25,24,14,41,5,0,0,371341
20/10/2012,34,14,11,24,41,5,0,3,705916
17/10/2012,19,10,32,20,13,2,0,1,326615
15/10/2012,7,23,11,39,44,8,0,4,306690
13/10/2012,41,49,1,35,16,4,1,0,579645
10/10/2012,16,35,37,3,19,3,0,1,427030
08/10/2012,39,32,24,13,27,2,0,2,219958
06/10/2012,27,1,47,30,39,4,1,0,562329
03/10/2012,16,44,25,26,24,1,0,0,295896
01/10/2012,34,2,40,29,41,6,0,0,286783
29/09/2012,21,18,47,10,7,1,0,10,413052
26/09/2012,42,29,38,12,46,9,1,1,366068
24/09/2012,41,18,40,1,21,6,0,3,296328
22/09/2012,17,23,37,44,25,9,0,3,504005
19/09/2012,49,5,34,27,41,7,0,5,676791
17/09/2012,16,25,14,7,17,7,1,4,543471
15/09/2012,17,21,43,37,15,2,0,3,475429
12/09/2012,32,1,49,12,38,8,0,0,489870
10/09/2012,19,28,43,3,25,9,0,1,299396
08/09/2012,9,22,43,34,15,4,0,4,585018
05/09/2012,37,8,1,26,10,4,0,8,544279
03/09/2012,34,27,22,18,37,3,0,3,318786
01/09/2012,28,5,22,25,13,10,0,8,358446
29/08/2012,20,29,26,11,8,9,1,7,367680
27/08/2012,18,32,40,7,8,5,0,0,380144
25/08/2012,9,13,2,29,10,9,0,5,481452
22/08/2012,14,13,18,33,22,7,0,3,641375
20/08/2012,45,26,33,27,11,2,0,0,211421
18/08/2012,25,26,42,12,2,7,0,3,836852
15/08/2012,13,24,2,15,19,5,3,3,469856
13/08/2012,49,25,12,16,4,4,0,2,278170
11/08/2012,7,1,10,45,44,9,1,3,474970
08/08/2012,32,35,42,11,1,4,0,1,381673
06/08/2012,12,7,10,34,47,7,2,0,447154
04/08/2012,29,49,34,26,25,6,1,1,554304
01/08/2012,33,45,17,30,11,6,0,2,399326
30/07/2012,35,6,38,4,13,3,0,2,306480
28/07/2012,29,4,6,39,7,3,0,3,568654
25/07/2012,17,16,14,32,36,6,0,1,375316
23/07/2012,40,31,38,23,28,3,0,1,289648
21/07/2012,22,3,1,44,40,3,1,6,654489
18/07/2012,26,25,4,28,32,5,0,0,595747
16/07/2012,3,32,6,19,37,2,0,2,289171
14/07/2012,22,44,40,5,41,6,0,2,523705
11/07/2012,23,20,30,21,36,9,0,0,355830
09/07/2012,15,38,41,45,26,3,0,1,306151
07/07/2012,5,30,17,1,44,1,0,4,391712
04/07/2012,13,40,37,17,39,6,0,0,388912
02/07/2012,2,15,7,46,6,5,0,1,362969
30/06/2012,13,45,1,42,12,4,1,4,541021
27/06/2012,22,41,5,1,11,7,0,3,650357
25/06/2012,27,11,40,10,13,7,0,1,450362
23/06/2012,41,12,6,47,27,3,1,3,572603
20/06/2012,36,33,15,41,47,5,0,0,541429
18/06/2012,37,5,7,16,38,3,0,2,297264
16/06/2012,14,31,1,39,27,6,1,2,580655
13/06/2012,33,48,20,8,3,10,0,0,266017
11/06/2012,20,6,16,4,29,1,0,6,228312
09/06/2012,13,25,14,18,20,6,0,8,572219
06/06/2012,21,23,12,24,13,6,0,4,416140
04/06/2012,38,42,35,43,40,4,0,2,299622
02/06/2012,26,9,34,39,22,1,1,3,537359
30/05/2012,9,30,13,17,5,3,0,9,441950
28/05/2012,30,42,38,15,41,3,0,1,282144
26/05/2012,27,47,40,41,29,7,0,1,934566
23/05/2012,19,1,35,49,3,9,0,1,357833
21/05/2012,37,45,23,19,7,10,0,2,176174
19/05/2012,11,23,48,24,42,2,1,1,504423
16/05/2012,21,49,22,15,31,1,0,1,364086
14/05/2012,26,11,3,22,43,6,0,3,366414
12/05/2012,6,34,22,20,19,5,0,0,882757
09/05/2012,36,26,18,41,32,4,0,2,452220
07/05/2012,21,13,26,46,12,10,0,0,227101
05/05/2012,21,10,37,8,11,9,0,1,573402
02/05/2012,35,26,29,3,38,1,0,1,317050
30/04/2012,39,22,32,18,4,4,0,2,343024
28/04/2012,48,22,10,2,37,4,0,5,628222
25/04/2012,44,15,20,30,29,7,0,0,749669
23/04/2012,33,9,34,45,24,6,0,0,299154
21/04/2012,41,3,48,31,18,10,0,1,372536
18/04/2012,34,5,3,20,24,3,0,1,463436
16/04/2012,2,21,13,1,16,2,0,1,235811
14/04/2012,1,22,45,40,3,1,0,1,383810
11/04/2012,49,27,15,29,19,1,0,2,301545
09/04/2012,26,14,31,33,2,10,0,1,156597
07/04/2012,46,19,45,42,47,8,0,3,602009
04/04/2012,36,40,27,38,11,8,1,0,424337
02/04/2012,33,23,3,19,39,2,0,1,259950
31/03/2012,16,25,1,26,2,9,1,5,520434
28/03/2012,15,20,45,17,4,9,0,1,367431
26/03/2012,36,14,49,29,13,6,0,0,291987
24/03/2012,48,8,18,13,11,8,0,4,587836
21/03/2012,8,14,43,37,48,5,1,0,704664
19/03/2012,10,28,4,11,15,4,0,2,386238
17/03/2012,32,14,49,23,13,1,0,2,477932
14/03/2012,13,7,31,36,43,9,0,3,466841
12/03/2012,48,25,16,46,14,10,0,0,246038
10/03/2012,2,40,4,44,37,5,0,0,870761
07/03/2012,6,39,31,22,16,7,0,2,800493
05/03/2012,31,30,28,34,17,3,0,1,367190
03/03/2012,2,24,3,39,27,8,0,1,640439
29/02/2012,14,27,11,17,35,4,0,3,451382
27/02/2012,45,41,33,8,23,1,0,1,235286
25/02/2012,8,7,19,4,27,1,0,10,419405
22/02/2012,43,33,39,11,31,10,0,1,277618
20/02/2012,34,31,9,3,35,5,0,1,408934
18/02/2012,49,48,5,17,47,6,0,4,577088
15/02/2012,11,36,10,22,31,1,0,1,307872
13/02/2012,23,9,22,24,36,5,1,0,708988
11/02/2012,11,12,46,32,36,6,0,1,618032
08/02/2012,27,19,12,37,15,3,0,1,455504
06/02/2012,15,49,24,13,29,3,0,2,324565
04/02/2012,38,32,10,17,9,3,0,2,657227
01/02/2012,16,5,49,43,2,7,0,1,717047
30/01/2012,22,40,1,35,32,8,0,0,300460
28/01/2012,23,12,47,15,18,6,0,5,590446
25/01/2012,2,23,8,30,48,5,2,2,609761
23/01/2012,39,44,48,20,25,6,0,0,342372
21/01/2012,36,23,1,31,17,4,0,1,621582
18/01/2012,21,9,33,13,42,4,0,9,437109
16/01/2012,39,36,29,47,38,8,0,2,309722
14/01/2012,1,38,19,49,29,8,0,1,634609
11/01/2012,9,7,44,36,23,7,0,1,743279
09/01/2012,34,15,26,25,32,4,0,0,314625
07/01/2012,1,6,12,10,8,8,2,38,720167
04/01/2012,10,23,2,43,34,5,0,4,662570
02/01/2012,3,36,30,16,24,9,0,2,315657
31/12/2011,32,35,17,28,2,2,0,4,974075
28/12/2011,39,41,16,31,36,5,0,2,585720
26/12/2011,36,43,42,23,28,4,0,0,310937
24/12/2011,7,10,28,11,12,8,2,17,1030343
21/12/2011,27,42,33,45,37,2,0,2,319368
19/12/2011,42,23,13,35,26,5,1,2,389643
17/12/2011,41,9,37,38,34,5,0,1,760428
14/12/2011,42,14,21,33,48,1,2,4,334589
12/12/2011,48,29,1,25,16,1,0,0,229376
10/12/2011,14,43,26,30,28,8,0,1,579618
07/12/2011,32,35,31,48,8,1,0,0,299057
05/12/2011,43,47,38,36,30,5,0,1,380767
03/12/2011,31,6,49,34,26,1,1,3,403027
30/11/2011,29,2,42,49,4,2,0,0,308484
28/11/2011,11,24,1,15,2,9,1,3,283605
26/11/2011,47,31,16,3,39,1,0,0,401605
23/11/2011,39,16,6,10,21,5,0,2,553864
21/11/2011,46,33,31,49,18,1,0,0,223846
19/11/2011,45,37,22,33,34,5,0,2,739122
16/11/2011,37,41,27,17,12,10,0,1,253110
14/11/2011,25,43,18,22,3,7,1,0,527056
12/11/2011,44,48,13,33,12,7,0,4,1019164
09/11/2011,17,8,23,12,37,2,0,5,353443
07/11/2011,18,47,11,2,30,5,0,0,405602
05/11/2011,38,2,13,32,20,10,0,6,386574
02/11/2011,2,38,44,35,42,9,0,1,373286
31/10/2011,24,13,47,37,21,7,1,1,579910
29/10/2011,12,17,46,42,38,8,0,0,679211
26/10/2011,35,6,2,3,20,1,0,0,370157
24/10/2011,15,18,17,5,31,7,0,2,516987
22/10/2011,45,44,32,29,6,7,0,3,1038587
19/10/2011,38,35,23,3,44,8,0,0,493164
17/10/2011,14,13,18,4,48,10,0,0,226302
15/10/2011,13,37,27,5,39,3,0,1,655523
12/10/2011,12,9,20,30,25,5,0,5,581572
10/10/2011,15,47,16,45,3,7,0,1,476086
08/10/2011,31,44,21,30,22,7,0,2,956060
05/10/2011,20,2,7,42,27,5,0,2,553774
03/10/2011,40,28,27,12,4,1,1,2,216145
01/10/2011,25,38,14,32,15,3,1,2,612195
28/09/2011,16,42,36,3,8,3,0,3,450639
26/09/2011,11,44,33,4,49,9,0,1,273449
24/09/2011,36,4,41,33,40,6,0,0,579651
21/09/2011,40,20,46,19,16,4,1,1,424293
19/09/2011,13,1,27,48,35,7,0,0,475043
17/09/2011,15,40,1,23,2,4,0,2,583370
14/09/2011,14,42,5,16,11,3,2,3,458199
12/09/2011,13,45,18,32,30,2,0,2,228298
10/09/2011,15,1,28,24,10,5,1,5,759765
07/09/2011,13,40,41,3,12,7,0,1,728983
05/09/2011,7,17,22,10,23,5,1,3,445291
03/09/2011,42,41,7,13,47,5,0,2,946410
31/08/2011,7,42,39,9,5,3,0,2,468329
29/08/2011,46,30,12,3,10,2,0,2,236376
27/08/2011,27,21,19,13,45,2,0,3,425328
24/08/2011,3,36,47,4,17,4,0,0,394535
22/08/2011,40,36,38,44,17,1,0,0,209930
20/08/2011,21,40,49,31,22,4,0,1,510488
17/08/2011,8,49,29,45,3,9,0,3,343124
15/08/2011,23,3,8,4,1,8,2,4,264719
13/08/2011,3,13,4,41,5,9,1,2,509767
10/08/2011,28,4,27,29,38,2,0,1,338428
08/08/2011,18,12,1,26,30,9,0,5,271919
06/08/2011,17,13,15,4,39,4,0,0,545201
03/08/2011,20,4,19,17,5,10,0,6,244475
01/08/2011,32,37,43,10,25,3,0,4,298642
30/07/2011,8,41,20,46,12,1,0,2,392628
27/07/2011,6,11,7,5,4,10,1,17,255796
25/07/2011,38,22,3,11,41,7,0,1,459890
23/07/2011,43,32,18,13,46,5,1,4,703522
20/07/2011,26,45,18,23,6,6,1,0,428285
18/07/2011,19,5,38,47,26,7,0,2,528060
16/07/2011,27,35,42,18,37,3,0,0,588709
13/07/2011,4,46,41,12,16,6,0,2,436054
11/07/2011,7,43,23,48,47,9,0,2,269488
09/07/2011,15,4,31,45,44,6,0,3,558224
06/07/2011,9,33,10,24,3,6,1,0,495478
04/07/2011,14,46,31,25,37,4,0,3,365673
02/07/2011,49,11,26,1,7,5,0,19,796770
29/06/2011,38,11,37,1,18,4,0,4,509477
27/06/2011,43,5,14,20,12,3,0,0,340537
25/06/2011,39,43,10,17,6,3,0,3,655451
22/06/2011,33,21,26,28,22,5,0,0,575212
20/06/2011,27,2,23,8,36,9,0,1,302899
18/06/2011,9,12,43,46,33,10,0,6,538886
15/06/2011,47,41,9,37,36,8,0,1,432056
13/06/2011,22,3,18,17,28,6,0,0,271419
11/06/2011,39,32,44,37,5,5,0,1,736358
08/06/2011,20,16,40,11,24,5,2,4,550930
06/06/2011,10,30,45,22,13,1,1,3,314265
04/06/2011,35,4,27,15,3,2,0,2,574813
01/06/2011,30,45,32,25,26,5,0,3,729389
30/05/2011,14,22,47,20,21,9,0,5,340044
28/05/2011,2,5,3,1,43,9,0,3,679360
25/05/2011,14,45,34,27,38,3,0,0,529081
23/05/2011,15,29,38,19,33,3,0,2,371803
21/05/2011,27,15,35,5,14,10,0,2,458114
18/05/2011,27,23,16,17,47,1,0,2,372683
16/05/2011,41,43,9,11,46,8,0,2,330447
14/05/2011,38,31,35,42,3,8,0,2,590419
11/05/2011,45,14,26,28,38,5,1,0,521649
09/05/2011,13,48,3,26,22,7,1,1,485904
07/05/2011,42,28,37,38,3,8,0,2,571468
04/05/2011,44,29,11,7,13,2,0,3,327630
02/05/2011,25,23,4,1,40,2,0,1,230409
30/04/2011,8,49,42,9,2,3,0,3,597886
27/04/2011,5,26,14,28,23,6,1,3,420229
25/04/2011,18,2,21,34,10,2,0,0,202682
23/04/2011,40,21,28,32,8,9,1,8,509389
20/04/2011,15,41,18,17,33,9,0,0,384883
18/04/2011,6,10,22,7,21,5,2,0,374036
16/04/2011,17,35,24,47,6,8,1,9,575164
13/04/2011,38,6,33,43,23,1,1,1,360416
11/04/2011,13,47,22,3,32,6,0,2,328574
09/04/2011,6,20,31,22,41,8,0,4,592506
06/04/2011,12,19,1,32,44,3,0,3,491824
04/04/2011,12,23,37,13,10,7,1,1,605767
02/04/2011,5,24,7,46,35,3,0,0,710705
30/03/2011,15,23,27,43,29,10,0,0,283720
28/03/2011,15,10,16,46,43,1,0,1,220186
26/03/2011,17,26,34,4,30,9,0,2,525291
23/03/2011,13,4,24,21,10,5,1,9,557471
21/03/2011,28,23,3,40,31,1,0,0,223683
19/03/2011,26,10,11,23,1,8,1,2,572165
16/03/2011,23,20,32,7,14,4,0,3,475154
14/03/2011,32,38,36,34,27,7,1,5,483029
12/03/2011,15,34,22,33,16,9,1,1,543354
09/03/2011,9,43,3,29,15,8,0,2,443668
07/03/2011,7,38,23,9,17,5,1,2,392050
05/03/2011,11,45,44,27,31,2,1,5,485788
02/03/2011,20,22,40,2,3,7,0,5,781050
28/02/2011,20,49,40,17,31,6,0,1,303764
26/02/2011,35,24,10,26,48,1,0,2,428688
23/02/2011,5,2,33,21,28,10,1,1,311875
21/02/2011,36,20,21,9,46,6,0,0,315438
19/02/2011,25,2,49,32,1,6,0,2,639095
16/02/2011,44,35,32,8,33,9,0,2,418192
14/02/2011,31,35,40,9,48,1,1,2,527460
12/02/2011,13,38,2,45,4,2,1,1,514465
09/02/2011,15,31,41,27,43,7,0,2,784398
07/02/2011,6,8,49,35,25,1,0,0,229662
05/02/2011,31,22,37,6,1,7,1,3,1053053
02/02/2011,27,6,44,23,22,3,0,0,506278
31/01/2011,20,10,13,43,3,5,1,2,385584
29/01/2011,14,33,44,31,12,8,1,2,710367
26/01/2011,23,45,6,48,17,1,0,2,435442
24/01/2011,3,39,6,48,9,4,0,3,386125
22/01/2011,13,27,6,31,8,7,0,4,1111120
19/01/2011,36,4,12,13,1,4,0,1,535242
17/01/2011,48,49,36,24,21,5,0,0,435206
15/01/2011,26,43,6,36,29,8,0,1,659939
12/01/2011,41,40,30,28,17,7,0,1,823225
10/01/2011,35,33,40,37,11,4,0,0,340781
08/01/2011,47,34,12,30,31,10,0,0,438649
05/01/2011,27,47,4,5,32,5,0,1,604710
03/01/2011,34,37,10,18,30,2,0,0,250888
01/01/2011,43,49,46,34,11,3,0,2,503198
29/12/2010,47,15,46,29,11,3,1,1,483271
27/12/2010,30,44,42,39,13,9,0,0,256911
25/12/2010,16,30,29,7,10,5,1,3,606927
22/12/2010,8,18,36,1,29,9,1,3,413847
20/12/2010,32,23,9,6,13,4,0,2,329637
18/12/2010,35,41,40,11,22,7,0,1,968338
15/12/2010,37,6,16,28,4,8,0,2,419709
13/12/2010,6,14,49,40,9,3,0,2,315267
11/12/2010,38,3,9,11,28,1,1,6,413258
08/12/2010,19,15,44,4,24,1,0,6,318795
06/12/2010,13,30,33,25,36,9,1,1,281111
04/12/2010,33,12,24,7,15,6,0,9,579949
01/12/2010,34,14,32,31,46,3,0,1,473205
29/11/2010,15,23,16,41,30,8,0,3,287246
27/11/2010,9,43,15,44,10,5,1,3,706940
24/11/2010,32,20,22,47,14,5,1,0,593853
22/11/2010,4,21,17,23,26,2,0,1,242842
20/11/2010,27,12,11,29,1,2,0,8,463802
17/11/2010,30,38,4,9,46,10,0,0,289614
15/11/2010,33,47,14,20,17,1,0,0,227787
13/11/2010,5,17,25,38,29,2,0,9,467247
10/11/2010,47,48,20,39,16,4,0,0,494626
08/11/2010,35,6,9,14,47,9,1,1,295023
06/11/2010,24,19,35,7,42,3,0,6,730490
03/11/2010,46,33,15,6,49,1,0,0,332778
01/11/2010,17,24,28,1,15,10,0,0,157579
30/10/2010,38,35,4,22,14,5,1,2,755513
27/10/2010,32,13,15,46,3,5,0,2,582185
25/10/2010,4,36,40,10,41,10,0,0,228459
23/10/2010,47,49,9,16,14,7,0,1,964212
20/10/2010,13,24,33,18,11,7,0,1,757727
18/10/2010,1,31,38,26,29,5,0,0,364386
16/10/2010,37,22,46,13,1,9,0,7,523491
13/10/2010,33,22,9,44,25,3,1,2,493018
11/10/2010,9,20,35,4,1,8,1,2,325473
09/10/2010,17,43,23,2,26,3,0,2,661815
06/10/2010,33,6,43,25,37,1,0,1,345845
04/10/2010,7,46,31,29,9,8,0,1,294557
02/10/2010,35,13,16,41,7,1,0,5,427272
29/09/2010,41,32,33,25,26,3,0,1,475892
27/09/2010,15,1,23,22,46,9,0,0,256791
25/09/2010,42,5,12,29,21,2,1,8,455324
22/09/2010,37,38,2,14,17,1,0,2,325833
20/09/2010,1,37,25,45,17,9,0,2,278227
18/09/2010,7,43,33,11,1,1,0,1,425449
15/09/2010,40,1,30,8,38,6,1,6,456414
13/09/2010,33,39,25,43,8,8,0,1,265767
11/09/2010,36,41,45,13,7,5,0,2,763059
08/09/2010,24,47,21,44,13,3,2,2,706428
06/09/2010,29,22,17,19,43,8,0,1,309918
04/09/2010,11,42,9,49,15,3,1,2,742727
01/09/2010,20,39,33,21,16,2,0,2,409120
30/08/2010,22,49,28,3,16,4,0,4,360620
28/08/2010,13,16,18,20,19,2,0,12,497282
25/08/2010,39,49,23,19,36,3,0,1,497595
23/08/2010,49,41,9,28,16,5,0,1,364784
21/08/2010,8,44,14,48,29,7,0,1,956542
18/08/2010,49,43,46,27,23,6,0,5,446762
16/08/2010,13,22,40,28,31,9,0,0,292234
14/08/2010,21,27,9,49,11,5,1,6,694470
11/08/2010,7,22,8,26,5,2,0,2,333078
09/08/2010,7,15,18,8,25,6,1,2,286567
07/08/2010,43,6,46,27,5,7,1,1,977263
04/08/2010,32,8,46,22,9,8,0,0,453722
02/08/2010,16,32,44,38,37,3,0,1,326855
31/07/2010,2,25,44,28,8,4,0,3,593036
28/07/2010,25,37,7,10,47,10,1,6,294754
26/07/2010,4,42,37,23,43,7,0,0,474136
24/07/2010,18,43,16,7,33,5,1,0,811049
21/07/2010,43,45,21,3,9,1,0,1,412297
19/07/2010,27,24,16,10,47,5,0,0,418815
17/07/2010,32,28,47,20,22,6,0,6,665919
14/07/2010,48,30,5,26,11,1,0,4,351688
12/07/2010,47,11,15,24,38,6,0,1,336977
10/07/2010,27,32,12,42,30,7,0,3,993587
07/07/2010,20,47,49,26,31,10,0,1,308286
05/07/2010,39,33,43,22,31,10,0,0,193809
03/07/2010,10,46,2,33,28,8,0,1,546885
30/06/2010,14,44,28,18,17,2,0,1,327082
28/06/2010,41,49,42,19,12,8,0,0,274193
26/06/2010,47,16,11,37,7,10,0,2,346326
23/06/2010,16,27,41,1,35,1,1,2,334309
21/06/2010,45,35,24,37,48,2,0,1,235848
19/06/2010,21,23,19,36,49,4,0,1,614870
16/06/2010,40,48,15,9,3,10,0,2,284276
14/06/2010,15,48,23,49,45,2,0,1,234830
12/06/2010,30,43,48,24,15,7,2,4,1147121
09/06/2010,14,48,44,24,20,10,0,4,365954
07/06/2010,29,48,42,28,26,1,0,1,270977
05/06/2010,37,43,31,45,22,5,0,3,834541
02/06/2010,43,11,14,23,17,10,0,2,346693
31/05/2010,46,49,32,5,33,1,0,0,249073
29/05/2010,33,21,49,26,46,1,0,5,634069
26/05/2010,47,3,35,22,6,1,0,5,319683
24/05/2010,8,35,29,12,3,1,0,3,180748
22/05/2010,2,48,40,46,17,10,0,1,352785
19/05/2010,24,12,17,38,30,7,1,3,824929
17/05/2010,9,27,26,29,36,5,0,0,369768
15/05/2010,32,31,44,27,9,8,0,4,569090
12/05/2010,28,22,27,14,23,4,0,3,496020
10/05/2010,41,4,35,33,10,5,0,0,360811
08/05/2010,16,29,31,39,1,2,0,1,411869
05/05/2010,10,30,18,27,4,1,1,7,342354
03/05/2010,8,11,12,26,48,6,0,2,317068
01/05/2010,39,28,3,42,6,5,0,0,662715
28/04/2010,34,49,9,25,38,1,0,1,319950
26/04/2010,29,24,4,46,7,10,0,0,172218
24/04/2010,17,34,27,3,41,4,1,6,659416
21/04/2010,24,26,35,9,1,4,1,0,470092
19/04/2010,44,22,17,38,2,8,0,1,292243
17/04/2010,24,42,16,9,32,3,1,5,614257
14/04/2010,9,12,29,2,21,7,1,12,772048
12/04/2010,4,36,11,31,46,10,0,1,189055
10/04/2010,33,13,49,36,22,4,2,6,656117
07/04/2010,28,11,2,33,43,1,0,6,339001
05/04/2010,17,18,36,21,47,6,0,0,252193
03/04/2010,35,39,20,48,42,2,0,2,452384
31/03/2010,46,28,21,39,49,1,1,1,369945
29/03/2010,2,44,41,34,46,2,0,1,247511
27/03/2010,43,42,9,21,46,6,0,1,602976
24/03/2010,28,9,35,8,42,6,0,3,469554
22/03/2010,44,34,25,47,29,9,0,1,273327
20/03/2010,15,36,28,49,2,3,0,2,669756
17/03/2010,46,1,24,18,9,7,1,3,863572
15/03/2010,18,15,1,4,38,6,0,0,395244
13/03/2010,32,37,16,6,8,7,0,3,1149002
10/03/2010,36,13,44,1,48,2,0,0,371636
08/03/2010,23,11,43,49,10,10,0,1,196031
06/03/2010,5,18,26,9,36,9,0,2,586696
03/03/2010,17,37,23,25,2,7,0,2,755316
01/03/2010,19,11,8,48,49,7,0,2,461947
27/02/2010,13,40,2,10,35,1,1,2,458888
24/02/2010,45,2,1,27,31,8,0,0,458498
22/02/2010,41,48,18,11,24,2,0,1,249670
20/02/2010,34,49,36,39,23,8,0,2,603976
17/02/2010,23,40,26,22,29,5,0,1,582917
15/02/2010,48,39,24,8,15,8,2,2,315659
13/02/2010,1,7,38,3,14,5,1,10,1125953
10/02/2010,6,45,19,12,11,10,0,3,295158
08/02/2010,36,13,24,7,42,4,1,12,377798
06/02/2010,16,37,18,5,34,5,0,2,820106
03/02/2010,44,48,7,30,13,7,0,1,818659
01/02/2010,29,1,39,40,18,2,0,1,276958
30/01/2010,44,26,18,21,47,3,0,3,667147
27/01/2010,10,15,43,45,5,9,0,1,440513
25/01/2010,6,8,31,45,36,9,0,0,273497
23/01/2010,24,39,2,13,48,1,0,4,454656
20/01/2010,13,37,48,45,28,9,1,2,455384
18/01/2010,8,7,22,28,38,10,0,0,193770
16/01/2010,21,38,32,3,33,10,0,1,396590
13/01/2010,31,4,14,37,7,8,1,2,530647
11/01/2010,24,20,31,36,6,4,0,1,345313
09/01/2010,35,4,14,23,46,7,0,7,983770
06/01/2010,19,49,31,44,38,3,1,4,695450
04/01/2010,33,21,41,18,32,9,0,1,336748
02/01/2010,43,5,23,49,17,4,0,3,720621
30/12/2009,21,39,5,2,15,10,0,1,757192
28/12/2009,23,12,15,27,46,6,0,4,318718
26/12/2009,7,6,41,25,16,5,0,8,709035
23/12/2009,24,44,18,17,15,6,1,0,839908
21/12/2009,38,42,28,3,27,9,0,1,270944
19/12/2009,40,15,16,6,9,6,1,0,603181
16/12/2009,39,15,23,49,30,5,0,0,580235
14/12/2009,46,8,26,13,38,2,0,1,250280
12/12/2009,4,30,13,18,39,1,0,6,440749
09/12/2009,1,31,11,22,23,1,0,2,346866
07/12/2009,20,42,43,33,19,5,0,0,379047
05/12/2009,28,22,7,16,39,7,3,1,1049908
02/12/2009,10,47,20,28,21,6,0,1,495706
30/11/2009,12,43,7,23,27,6,0,3,297399
28/11/2009,35,37,41,15,39,4,0,2,684514
25/11/2009,14,33,39,15,11,6,0,1,449562
23/11/2009,13,12,3,37,30,8,0,1,286768
21/11/2009,20,33,46,40,12,6,0,1,580499
18/11/2009,24,20,22,19,1,6,1,3,468160
16/11/2009,20,32,36,19,27,7,0,1,476830
14/11/2009,39,16,47,28,24,9,1,5,553238
11/11/2009,41,47,22,17,7,6,0,3,436416
09/11/2009,3,2,29,48,1,9,0,0,268571
07/11/2009,1,41,13,3,18,1,1,6,484303
04/11/2009,33,18,19,22,23,1,0,2,381674
02/11/2009,17,34,23,40,9,9,0,4,291997
31/10/2009,23,39,36,27,30,2,0,1,479381
28/10/2009,8,11,7,37,30,3,0,2,518673
26/10/2009,49,47,42,1,3,7,0,1,458985
24/10/2009,39,28,15,38,27,10,0,2,413698
21/10/2009,10,49,26,15,1,7,0,1,752566
19/10/2009,4,31,11,3,6,1,1,3,219108
17/10/2009,12,49,8,20,16,5,1,2,762778
14/10/2009,6,35,36,42,24,2,0,1,400794
12/10/2009,38,7,48,43,28,5,0,3,410929
10/10/2009,3,38,1,23,16,3,0,2,700321
07/10/2009,4,1,21,12,46,8,0,2,485880
05/10/2009,21,12,20,11,32,4,0,0,324339
03/10/2009,47,15,49,7,9,7,1,7,1050083
30/09/2009,33,35,40,5,2,4,0,0,519240
28/09/2009,30,20,16,3,44,4,0,1,330428
26/09/2009,2,37,43,21,25,9,0,3,577402
23/09/2009,24,42,4,47,5,6,0,3,472555
21/09/2009,3,4,38,46,7,2,0,0,235801
19/09/2009,12,27,38,33,19,7,1,2,961315
16/09/2009,40,7,21,25,30,1,0,3,344588
14/09/2009,9,18,43,32,22,1,1,3,221892
12/09/2009,41,11,4,29,7,4,0,2,638543
09/09/2009,1,12,23,22,7,4,2,14,1155598
07/09/2009,8,21,4,31,39,2,0,0,246774
05/09/2009,1,37,17,44,20,8,0,1,610372
02/09/2009,17,5,12,6,15,1,0,5,336945
31/08/2009,16,13,1,5,20,2,0,3,224291
29/08/2009,34,7,27,23,19,7,3,1,963354
26/08/2009,44,31,7,38,14,1,0,1,345035
24/08/2009,22,18,33,28,11,2,0,5,242815
22/08/2009,31,21,8,27,29,10,0,2,349847
19/08/2009,35,42,7,33,28,10,0,2,272514
17/08/2009,2,9,17,14,25,9,1,3,259397
15/08/2009,1,41,32,24,27,9,0,1,477632
12/08/2009,6,33,17,34,39,5,0,2,591654
10/08/2009,5,22,31,2,24,6,0,0,277597
08/08/2009,41,20,16,38,2,9,0,2,506514
05/08/2009,40,10,29,20,43,7,0,0,722922
03/08/2009,9,38,18,26,49,8,1,2,293660
01/08/2009,44,10,18,45,22,6,0,2,536390
29/07/2009,16,25,14,35,3,3,1,2,499168
27/07/2009,18,47,7,13,48,4,0,1,309492
25/07/2009,27,40,3,14,33,9,0,7,508329
22/07/2009,24,35,45,28,17,6,1,3,526981
20/07/2009,27,23,44,34,5,1,0,1,236213
18/07/2009,44,14,26,34,9,9,0,1,604612
15/07/2009,4,1,23,14,25,10,0,4,292975
13/07/2009,26,2,20,34,18,1,0,0,238144
11/07/2009,14,17,35,5,42,1,0,3,435886
08/07/2009,16,4,10,6,5,3,0,7,525090
06/07/2009,12,31,32,44,45,2,0,0,240018
04/07/2009,39,4,8,43,27,3,0,5,660742
01/07/2009,34,5,28,13,29,4,0,2,470723
29/06/2009,35,43,9,28,10,8,0,1,283856
27/06/2009,13,4,3,41,6,8,0,3,592757
24/06/2009,17,21,22,16,4,1,1,2,336715
22/06/2009,36,17,42,28,41,4,0,0,308411
20/06/2009,26,27,49,21,33,7,0,2,942887
17/06/2009,3,27,41,8,37,2,1,4,437257
15/06/2009,49,11,41,21,40,4,0,0,334697
13/06/2009,39,16,46,28,24,4,0,2,693397
10/06/2009,45,42,27,49,48,7,0,2,846991
08/06/2009,31,29,41,25,22,5,0,2,417815
06/06/2009,32,46,13,33,15,10,0,2,546584
03/06/2009,46,21,32,26,14,6,1,3,465687
01/06/2009,18,26,47,24,35,1,0,0,188661
30/05/2009,30,25,34,14,10,9,0,1,512913
27/05/2009,7,48,5,3,23,7,0,3,732482
25/05/2009,46,40,6,3,25,4,0,2,288428
23/05/2009,38,13,33,3,25,3,1,5,602644
20/05/2009,35,28,15,3,23,10,1,1,282352
18/05/2009,49,26,35,34,28,4,1,0,319670
16/05/2009,1,2,26,44,7,9,0,3,532023
13/05/2009,38,36,49,39,12,10,1,1,313644
11/05/2009,15,27,48,9,34,6,0,2,301617
09/05/2009,45,28,22,30,20,3,0,1,653864
06/05/2009,48,36,13,20,44,1,0,0,347362
04/05/2009,33,1,23,12,46,1,0,1,217614
02/05/2009,7,15,11,5,23,1,1,13,531899
29/04/2009,4,30,29,26,15,3,0,1,837015
27/04/2009,9,37,21,34,4,2,0,3,281483
25/04/2009,34,23,49,9,20,8,0,4,665356
22/04/2009,2,31,49,33,43,9,0,1,478234
20/04/2009,11,34,38,43,12,3,0,1,365456
18/04/2009,31,20,45,12,32,8,0,2,635576
15/04/2009,23,43,37,12,39,8,0,1,513859
13/04/2009,20,24,30,11,9,1,0,3,222781
11/04/2009,21,5,2,23,19,7,0,10,975291
08/04/2009,46,33,10,34,7,6,0,1,472555
06/04/2009,43,33,48,31,28,7,0,2,457227
04/04/2009,37,41,27,8,45,6,0,2,596744
01/04/2009,37,27,30,22,45,3,0,1,527759
30/03/2009,32,47,45,29,24,10,0,1,168098
28/03/2009,19,26,23,22,27,2,1,11,500451
25/03/2009,10,34,15,33,5,7,0,4,805841
23/03/2009,1,25,10,2,33,4,0,3,323392
21/03/2009,45,32,15,2,39,10,0,1,385107
18/03/2009,42,3,39,20,34,2,0,0,360685
16/03/2009,27,45,35,36,44,2,0,0,249026
14/03/2009,27,18,20,11,38,6,0,0,594861
11/03/2009,4,7,11,22,8,5,1,14,634284
09/03/2009,27,32,5,40,3,9,0,0,292065
07/03/2009,36,15,24,2,22,8,0,2,640933
04/03/2009,7,9,29,25,10,6,0,4,509807
02/03/2009,41,29,14,48,8,10,0,1,180883
28/02/2009,45,14,41,25,16,10,0,2,398767
25/02/2009,15,4,21,30,36,4,1,0,501479
23/02/2009,3,14,34,31,22,7,0,0,481449
21/02/2009,47,21,48,39,40,5,1,2,793381
18/02/2009,28,40,10,23,43,9,0,0,450669
16/02/2009,46,23,29,21,16,4,0,0,332846
14/02/2009,12,24,18,44,16,4,1,4,788313
11/02/2009,35,46,10,1,14,8,0,2,496648
09/02/2009,17,13,31,3,46,5,1,2,434029
07/02/2009,4,16,34,22,49,10,0,4,433483
04/02/2009,20,43,47,27,10,3,0,0,611119
02/02/2009,4,38,12,31,41,8,0,2,340921
31/01/2009,6,31,40,18,36,7,0,1,1058232
28/01/2009,40,7,41,38,46,5,0,1,651836
26/01/2009,39,8,13,49,10,10,0,2,199507
24/01/2009,5,40,15,20,28,10,1,9,407962
21/01/2009,32,47,10,35,3,3,1,2,680596
19/01/2009,39,38,7,32,26,9,0,0,388410
17/01/2009,2,46,27,37,5,4,0,4,765464
14/01/2009,5,42,1,19,13,3,0,4,653172
12/01/2009,47,11,29,4,9,8,0,3,379854
10/01/2009,49,40,21,10,44,2,0,1,547638
07/01/2009,37,39,9,33,11,8,0,2,540458
05/01/2009,8,29,36,25,11,2,0,1,316743
03/01/2009,47,22,24,12,38,1,0,6,518899
31/12/2008,11,5,20,30,24,8,2,10,1302044
29/12/2008,26,38,14,21,27,4,0,0,436993
27/12/2008,36,47,17,49,37,10,0,3,445153
24/12/2008,33,27,2,41,4,5,0,3,1167560
22/12/2008,5,27,2,35,48,3,0,1,381579
20/12/2008,41,46,2,22,26,5,1,4,839014
17/12/2008,49,44,31,13,33,9,0,0,490799
15/12/2008,48,5,15,2,27,8,0,4,334556
13/12/2008,24,38,8,42,31,7,0,2,1052157
10/12/2008,41,38,10,35,11,3,1,0,560891
08/12/2008,29,15,1,31,11,8,0,2,326193
06/12/2008,48,2,5,13,24,4,1,2,709686
03/12/2008,26,29,34,42,31,10,0,1,342597
01/12/2008,32,15,19,37,38,1,0,0,295724
29/11/2008,18,36,20,32,22,7,1,1,1098874
26/11/2008,49,11,13,25,28,5,0,1,649693
24/11/2008,43,36,31,30,17,8,1,1,383825
22/11/2008,45,12,30,36,20,6,0,1,681111
19/11/2008,34,26,37,41,2,4,0,1,569933
17/11/2008,1,6,19,23,41,6,0,3,357142
15/11/2008,41,10,48,43,22,3,0,1,781453
12/11/2008,45,35,34,40,23,5,1,0,709296
10/11/2008,12,9,21,45,38,6,0,2,384092
08/11/2008,25,35,33,5,22,9,1,4,919776
05/11/2008,47,4,38,15,8,7,0,0,998107
03/11/2008,26,2,23,20,24,8,0,2,361661
01/11/2008,22,4,27,36,45,3,0,3,718520
29/10/2008,43,28,22,41,49,4,0,2,573078
27/10/2008,46,37,44,4,6,2,0,1,291500
25/10/2008,13,11,22,46,19,3,0,5,769020
22/10/2008,11,28,12,48,14,2,0,3,474495
20/10/2008,43,7,48,31,15,3,0,2,417834
18/10/2008,44,35,4,32,39,10,0,4,517431
15/10/2008,49,28,18,20,40,1,1,1,532554
13/10/2008,11,10,41,37,48,4,0,1,385898
11/10/2008,46,22,10,39,20,4,1,1,836367
08/10/2008,24,48,32,41,22,1,0,1,606599
06/10/2008,19,33,41,24,27,9,0,0,471642
25/02/2019,7,44,37,48,38,7,0,0,433301
23/02/2019,3,45,13,4,44,5,0,1,561341
20/02/2019,25,29,8,34,15,1,0,2,267697
18/02/2019,18,9,11,33,7,9,1,1,262263
16/02/2019,8,7,25,11,46,7,1,5,850950
13/02/2019,43,41,29,14,7,3,0,0,551455
11/02/2019,43,15,13,48,25,5,0,0,405580
09/02/2019,47,40,45,42,3,9,0,1,562233
06/02/2019,4,15,21,26,22,10,0,3,323617
04/02/2019,40,12,37,24,42,1,0,1,260587
02/02/2019,32,27,5,7,35,3,0,0,552412
30/01/2019,20,47,15,11,30,9,0,1,351021
28/01/2019,37,15,30,6,47,6,0,1,272143
26/01/2019,30,14,12,16,42,2,0,5,411124
23/01/2019,25,17,41,24,38,10,0,0,272422
21/01/2019,17,26,30,47,20,6,0,0,259423
19/01/2019,37,10,39,16,34,7,0,0,725406
16/01/2019,15,11,10,1,31,3,1,7,377504
14/01/2019,35,33,44,1,11,10,0,0,233868
12/01/2019,19,24,11,34,25,8,0,2,515221
09/01/2019,6,19,46,21,15,10,0,2,271392
07/01/2019,1,19,12,31,7,10,1,9,228358
05/01/2019,48,18,40,7,6,7,0,0,726220
02/01/2019,36,12,29,2,26,7,1,3,580605
31/12/2018,43,24,34,27,14,10,0,8,696125
29/12/2018,26,30,42,38,12,5,0,3,593794
26/12/2018,45,9,5,24,11,10,2,3,242665
24/12/2018,10,22,34,43,46,2,0,1,281187
22/12/2018,44,46,31,11,22,5,1,1,544196
19/12/2018,21,3,25,10,11,3,1,5,377695
17/12/2018,2,9,25,35,30,9,0,0,280707
15/12/2018,38,1,3,32,30,6,0,0,460462
12/12/2018,39,21,45,12,44,5,0,1,420225
10/12/2018,8,34,16,13,37,10,0,2,217403
08/12/2018,25,38,11,29,14,8,0,3,492733
05/12/2018,6,19,41,17,18,9,0,0,328384
03/12/2018,1,15,9,19,39,5,1,3,323568
01/12/2018,15,6,3,23,39,2,0,2,390787
28/11/2018,3,38,30,10,15,6,0,1,310595
26/11/2018,36,30,34,14,21,2,0,0,219254
24/11/2018,15,11,5,22,10,5,3,10,572435
21/11/2018,22,45,20,21,23,10,0,1,317332
19/11/2018,33,46,21,20,28,7,0,4,448905
17/11/2018,42,20,27,22,12,7,0,4,719538
14/11/2018,36,41,15,49,48,5,0,1,449977
12/11/2018,13,14,37,21,15,7,0,0,432934
10/11/2018,20,43,18,44,30,7,0,1,753959
07/11/2018,33,27,3,20,6,8,0,4,370161
05/11/2018,9,11,39,29,32,8,0,2,293214
03/11/2018,6,29,8,9,39,2,0,1,396853
31/10/2018,34,14,2,28,38,4,0,3,346434
29/10/2018,9,42,24,43,22,7,1,1,431811
27/10/2018,26,21,36,29,35,9,0,1,487137
24/10/2018,28,45,34,36,9,6,0,0,320139
22/10/2018,10,4,29,19,47,6,0,2,252716
20/10/2018,7,17,31,12,48,8,1,3,539829
17/10/2018,33,13,7,2,41,1,0,2,289847
15/10/2018,8,14,25,19,49,5,0,5,345717
13/10/2018,1,36,45,4,22,8,0,5,532318
10/10/2018,5,24,38,29,4,3,0,2,384480
08/10/2018,46,1,4,23,24,2,0,2,241696
06/10/2018,49,39,8,48,1,9,0,0,478609
03/10/2018,31,24,11,20,32,8,0,1,355128
01/10/2018,6,1,40,7,2,4,1,0,257777
29/09/2018,31,7,15,10,17,4,1,4,468272
26/09/2018,40,18,15,36,10,3,0,0,351288
24/09/2018,12,30,17,8,6,3,0,7,261240
22/09/2018,14,37,39,18,38,9,1,4,479735
19/09/2018,15,42,4,27,25,5,0,2,389459
17/09/2018,43,42,8,15,26,5,0,0,308583
15/09/2018,11,26,1,46,13,5,1,2,530992
12/09/2018,11,33,24,35,4,9,0,3,377986
10/09/2018,27,20,19,46,38,10,0,1,230679
08/09/2018,6,19,22,34,20,10,0,4,390389
05/09/2018,7,39,34,6,15,1,0,0,276679
03/09/2018,18,2,15,1,41,10,0,1,217450
01/09/2018,32,35,11,41,42,6,0,2,450464
29/08/2018,17,45,19,40,31,1,0,2,266932
27/08/2018,40,17,24,18,10,2,0,1,224166
25/08/2018,29,6,15,44,16,3,1,0,482064
22/08/2018,16,42,12,6,40,3,1,1,365643
20/08/2018,15,48,42,18,40,10,0,1,213059
18/08/2018,33,37,31,16,49,8,0,1,478653
15/08/2018,40,21,47,27,6,8,0,0,317624
13/08/2018,10,19,21,2,40,6,1,5,291876
11/08/2018,41,27,44,46,14,5,0,2,612646
08/08/2018,5,19,29,15,24,8,0,3,388077
06/08/2018,30,4,37,32,23,6,0,0,276098
04/08/2018,41,23,9,32,38,3,0,4,505671
01/08/2018,47,15,45,35,17,4,0,0,355016
30/07/2018,33,7,13,41,43,2,0,2,240752
28/07/2018,7,23,13,18,21,10,0,10,364856
25/07/2018,35,27,22,20,30,3,0,0,349995
23/07/2018,7,20,41,40,11,6,0,0,257102
21/07/2018,44,18,9,28,1,10,2,5,448518
18/07/2018,18,26,27,43,35,7,0,3,640461
16/07/2018,36,31,9,16,3,1,0,2,253647
14/07/2018,47,37,45,3,20,3,0,3,496656
11/07/2018,11,46,1,22,42,4,0,1,340005
09/07/2018,9,21,19,36,40,1,0,2,216891
07/07/2018,41,3,34,11,10,10,0,0,364005
04/07/2018,41,23,16,20,45,5,0,1,402200
02/07/2018,48,38,36,45,16,8,0,1,275238
30/06/2018,5,36,23,29,45,7,0,0,693777
27/06/2018,26,11,9,41,8,10,0,3,233403
25/06/2018,14,9,21,13,32,5,2,4,309799
23/06/2018,41,32,49,10,36,10,0,3,349798
20/06/2018,43,33,8,30,6,3,0,3,354721
18/06/2018,34,2,7,13,44,8,1,0,266625
16/06/2018,35,17,8,43,19,9,1,3,471733
13/06/2018,20,48,15,29,49,1,0,2,272675
11/06/2018,44,41,49,25,14,4,0,0,269034
09/06/2018,7,16,5,9,12,10,1,23,369535
06/06/2018,43,5,33,6,47,2,0,0,294579
04/06/2018,8,38,48,16,35,2,0,1,230022
02/06/2018,18,13,31,7,35,4,0,3,470650
30/05/2018,4,44,41,36,33,6,1,1,385002
28/05/2018,35,10,25,21,23,10,0,0,235323
26/05/2018,26,24,2,43,3,8,0,0,600576
23/05/2018,14,29,3,36,25,9,0,0,348790
21/05/2018,20,4,46,16,5,5,0,3,290738
19/05/2018,5,47,30,45,12,9,0,4,472242
16/05/2018,44,37,7,23,41,8,0,4,355978
14/05/2018,40,33,23,1,5,8,0,2,278388
12/05/2018,6,23,9,47,5,10,0,9,344162
09/05/2018,10,23,35,34,5,6,0,2,307046
07/05/2018,43,13,10,23,46,6,1,1,252185
05/05/2018,9,30,47,41,15,5,1,0,555760
02/05/2018,8,1,14,10,21,10,2,3,265235
30/04/2018,43,48,49,36,7,7,0,1,460886
28/04/2018,36,14,40,31,47,2,0,0,430687
25/04/2018,21,23,5,10,36,1,0,2,278099
23/04/2018,2,33,20,29,32,8,0,0,279943
21/04/2018,26,20,2,11,39,5,0,2,549174
18/04/2018,18,11,38,17,46,8,0,0,349851
16/04/2018,16,25,6,21,26,5,0,2,319212
14/04/2018,24,5,49,36,1,7,1,3,764651
11/04/2018,40,46,32,17,1,8,0,2,362730
09/04/2018,1,32,20,28,42,6,0,1,264814
07/04/2018,26,34,10,45,7,7,0,3,739201
04/04/2018,19,40,22,45,36,6,0,2,330808
02/04/2018,28,34,18,13,14,2,0,1,189103
31/03/2018,42,2,41,18,31,8,1,3,513727
28/03/2018,43,39,15,5,45,10,0,0,254991
26/03/2018,27,17,37,10,4,10,0,4,192510
24/03/2018,31,11,44,35,26,9,1,4,556483
21/03/2018,31,45,21,30,29,2,0,0,346256
19/03/2018,20,15,27,46,24,10,0,3,240475
17/03/2018,48,43,36,30,13,9,0,2,537793
14/03/2018,36,46,13,4,3,10,0,0,308845
12/03/2018,27,7,10,38,13,8,0,5,327414
10/03/2018,5,47,23,21,18,6,0,5,493508
07/03/2018,13,6,18,36,37,5,0,1,445251
05/03/2018,44,38,25,17,41,9,0,2,282865
03/03/2018,3,4,8,2,31,9,0,4,483248
28/02/2018,42,5,49,31,28,7,0,2,549874
26/02/2018,13,34,39,42,37,3,0,3,286479
24/02/2018,12,6,9,31,43,3,1,5,529629
21/02/2018,12,41,2,28,16,1,0,0,280005
19/02/2018,32,9,8,29,28,2,1,1,299231
17/02/2018,49,48,14,22,38,9,0,2,566312
14/02/2018,13,3,44,19,5,4,0,4,545526
12/02/2018,27,35,48,3,32,9,0,1,300908
10/02/2018,19,31,2,40,42,5,0,2,600289
07/02/2018,44,13,17,48,33,3,0,1,380188
05/02/2018,7,29,1,30,45,7,0,2,427223
03/02/2018,22,9,23,38,13,4,1,5,490667
31/01/2018,29,26,16,4,49,1,1,4,291498
29/01/2018,11,32,27,36,21,6,0,1,276081
27/01/2018,45,10,9,34,39,10,0,0,377799
24/01/2018,9,37,35,23,28,5,0,2,423051
22/01/2018,31,11,16,1,14,2,1,1,243970
20/01/2018,44,32,27,38,46,7,0,3,786928
17/01/2018,16,25,40,49,4,3,0,1,380918
15/01/2018,15,28,22,2,5,2,0,2,226953
13/01/2018,48,35,20,31,36,10,1,3,408415
10/01/2018,7,49,18,9,16,3,0,8,381433
08/01/2018,8,44,37,43,45,2,0,0,257292
06/01/2018,45,40,17,6,31,9,1,0,513795
03/01/2018,34,44,27,23,4,4,0,1,359238
01/01/2018,7,43,10,9,14,1,0,1,199827
30/12/2017,40,28,35,13,12,8,1,3,588293
27/12/2017,22,6,48,7,14,8,0,0,354517
25/12/2017,3,31,6,10,29,8,1,5,249500
23/12/2017,4,6,44,8,48,10,0,4,424226
20/12/2017,6,11,13,24,10,9,0,4,323298
18/12/2017,11,39,48,10,29,9,0,0,265592
16/12/2017,48,20,15,9,49,6,1,3,492695
13/12/2017,17,49,24,43,28,8,0,2,370656
11/12/2017,47,34,26,43,29,4,0,1,285709
09/12/2017,48,49,10,46,23,8,0,1,498167
06/12/2017,27,12,38,7,30,1,0,3,268933
04/12/2017,43,32,15,23,41,8,1,0,275290
02/12/2017,24,45,39,33,35,1,1,0,453789
29/11/2017,8,20,3,12,13,4,0,13,394885
27/11/2017,36,5,6,39,46,6,0,1,298960
25/11/2017,43,1,48,2,47,10,0,0,441634
22/11/2017,30,1,10,2,39,8,0,1,393550
20/11/2017,6,30,40,43,35,3,0,0,323530
18/11/2017,13,9,17,37,48,1,0,1,410657
15/11/2017,12,10,16,35,14,6,0,1,359979
13/11/2017,30,29,24,3,43,5,0,2,351005
11/11/2017,40,47,48,1,36,3,0,1,529871
08/11/2017,37,41,13,26,2,5,0,1,435231
06/11/2017,30,45,49,27,48,1,0,2,218529
04/11/2017,23,7,38,35,6,7,1,0,775420
01/11/2017,18,8,26,9,32,1,1,1,252808
30/10/2017,32,42,12,44,34,5,0,4,337550
28/10/2017,22,12,47,5,29,8,1,5,516855
25/10/2017,9,3,19,41,43,8,0,5,358746
23/10/2017,12,21,47,44,25,3,0,3,293879
21/10/2017,2,42,6,20,21,8,0,3,521397
18/10/2017,5,13,25,12,24,7,1,4,573486
16/10/2017,39,48,30,5,32,8,0,2,310317
14/10/2017,18,20,38,43,47,3,1,3,619580
11/10/2017,44,48,6,29,15,4,2,2,353995
09/10/2017,47,30,6,15,3,9,0,0,270114
07/10/2017,41,44,8,37,46,3,1,0,553210
04/10/2017,45,34,20,30,1,9,0,0,346390
02/10/2017,1,11,28,12,20,7,2,4,421333
30/09/2017,16,44,3,38,27,7,1,4,779606
27/09/2017,13,10,16,42,35,4,0,2,346467
25/09/2017,37,16,17,33,34,6,0,1,258773
23/09/2017,15,33,22,19,37,4,1,4,508830
20/09/2017,37,6,4,17,22,6,0,2,339906
18/09/2017,12,25,37,29,34,9,0,2,278295
16/09/2017,37,46,4,18,16,5,0,2,593640
13/09/2017,18,45,4,25,33,1,0,3,274989
11/09/2017,23,42,48,45,12,9,1,1,278265
09/09/2017,44,13,19,15,39,1,0,2,389156
06/09/2017,49,46,28,19,39,4,1,1,393593
04/09/2017,33,6,27,1,35,9,0,0,294298
02/09/2017,10,14,1,40,18,7,0,1,785214
30/08/2017,29,26,7,12,47,9,0,2,349204
28/08/2017,6,8,20,24,42,6,0,2,266557
26/08/2017,10,40,35,32,38,3,0,0,513162
23/08/2017,32,23,16,1,4,7,0,0,540580
21/08/2017,8,36,43,27,14,5,1,2,331125
19/08/2017,39,8,40,21,7,7,1,1,744155
16/08/2017,31,29,25,19,41,4,0,0,329708
14/08/2017,13,15,39,2,9,4,0,1,267564
12/08/2017,13,36,41,15,5,10,1,4,384469
09/08/2017,32,38,36,31,49,1,0,2,285558
07/08/2017,38,24,42,21,14,4,0,2,283676
05/08/2017,3,25,30,13,37,2,0,1,407458
02/08/2017,34,30,9,12,32,7,1,0,568999
31/07/2017,45,37,47,25,31,7,0,0,446558
29/07/2017,24,41,45,23,10,1,0,1,381558
26/07/2017,13,44,35,3,25,2,1,2,294203
24/07/2017,14,11,38,21,35,3,1,2,307283
22/07/2017,40,30,16,5,28,9,0,4,480504
19/07/2017,16,26,6,8,9,7,1,5,665756
17/07/2017,40,41,5,33,16,2,0,0,291934
15/07/2017,34,37,24,48,29,2,0,2,481662
12/07/2017,3,16,31,43,18,5,0,3,584855
10/07/2017,23,43,17,21,18,4,0,1,361544
08/07/2017,9,30,46,43,31,10,0,1,429979
05/07/2017,18,29,17,34,8,6,0,0,381546
03/07/2017,48,8,10,28,2,2,0,11,271807
01/07/2017,26,47,16,33,21,8,0,2,549705
28/06/2017,48,30,37,29,9,1,0,0,291622
26/06/2017,1,49,5,29,38,9,0,2,275797
24/06/2017,48,27,23,35,24,5,0,1,590578
21/06/2017,12,22,34,18,39,6,0,0,341034
19/06/2017,25,43,18,47,40,9,0,0,271526
17/06/2017,26,25,40,14,39,3,0,1,527581
14/06/2017,44,43,49,41,31,5,0,2,438282
12/06/2017,5,29,4,7,27,5,2,2,356219
10/06/2017,49,34,37,36,8,10,0,0,419537
07/06/2017,22,43,36,40,21,5,0,0,472428
05/06/2017,49,12,17,41,21,7,0,3,417257
03/06/2017,23,45,36,34,44,3,0,0,576604
31/05/2017,1,36,9,41,27,1,0,1,289182
29/05/2017,40,43,39,41,1,9,0,0,278477
27/05/2017,9,8,28,40,17,8,2,5,667965
24/05/2017,17,22,18,8,30,5,1,2,458551
22/05/2017,27,21,22,7,31,10,0,1,218319
20/05/2017,33,31,28,34,42,3,0,2,537311
17/05/2017,25,44,6,30,22,7,0,0,576992
15/05/2017,22,13,1,27,5,1,1,2,249325
13/05/2017,16,13,9,28,47,10,0,4,434287
10/05/2017,30,22,20,43,12,9,0,2,384513
08/05/2017,33,7,47,22,43,6,0,0,270147
06/05/2017,27,41,34,6,45,5,0,2,652214
03/05/2017,20,15,27,46,6,3,0,7,411442
01/05/2017,18,46,37,16,35,6,0,1,251588
29/04/2017,48,37,46,44,34,9,0,3,505369
26/04/2017,27,6,8,14,16,5,3,3,469603
24/04/2017,7,42,28,45,41,9,0,0,303237
22/04/2017,17,21,31,1,46,5,0,2,633404
19/04/2017,47,39,38,41,48,9,0,2,386313
17/04/2017,8,36,46,4,33,7,0,0,434927
15/04/2017,28,29,41,40,49,5,0,5,643879
12/04/2017,48,18,3,28,40,7,0,0,629481
10/04/2017,11,3,20,14,1,2,0,7,258966
08/04/2017,17,44,18,45,29,5,0,3,621133
05/04/2017,10,40,42,20,6,10,0,4,302007
03/04/2017,34,16,44,3,9,3,1,1,356938
01/04/2017,46,2,44,9,25,9,0,5,568015
29/03/2017,35,14,10,26,25,5,0,1,476227
27/03/2017,2,49,9,38,18,8,0,2,324377
25/03/2017,2,5,8,43,49,1,0,2,451280
22/03/2017,43,25,28,2,11,5,0,1,476385
20/03/2017,42,39,28,13,40,1,0,1,280060
18/03/2017,33,18,1,30,6,2,0,3,526563
15/03/2017,25,5,46,36,31,8,1,0,544992
13/03/2017,16,21,34,48,24,3,0,2,451969
11/03/2017,1,39,31,13,42,7,0,2,1175080
08/03/2017,40,16,46,42,47,2,0,1,425926
06/03/2017,26,10,6,41,3,9,0,1,367598
08/04/2019,24,9,26,15,13,9,1,8,257210
06/04/2019,19,26,13,27,24,7,1,5,746104
03/04/2019,16,38,18,45,10,3,0,1,396414
01/04/2019,32,14,35,46,11,10,0,0,237355
30/03/2019,15,44,41,3,2,3,0,3,518643
27/03/2019,49,45,25,10,19,1,0,3,263298
25/03/2019,46,47,23,22,24,2,0,1,229775
23/03/2019,12,1,40,28,26,6,0,4,427153
20/03/2019,13,3,21,2,40,8,0,0,347072
18/03/2019,38,23,45,24,44,6,1,0,255138
16/03/2019,33,19,1,31,22,1,1,4,372637
13/03/2019,29,5,20,8,32,3,0,3,389244
11/03/2019,25,24,16,6,5,1,0,4,214798
09/03/2019,32,47,43,35,15,10,0,2,401165
06/03/2019,14,23,15,44,46,5,0,0,414328
04/03/2019,4,15,11,36,33,2,1,1,250715
02/03/2019,46,42,38,25,16,9,0,2,512200
27/02/2019,14,1,34,19,4,2,0,0,300927
