epoch,1,2,3,4,5,6,7,8,9,10,11,12,13,14,15,16,17,18,19,20,21,22,23,24,25,26,27,28,29,30,31,32,33,34,35,36,37,38,39,40,41,42,43,44,45,46,47,48,49
0,0.023816684,0.026059002,0.02189595,0.023429321,0.026082454,0.023439376,0.022414787,0.0161423,0.020787569,0.018744793,0.01758511,0.01660235,0.020103144,0.018137055,0.022414168,0.02210137,0.017475765,0.015981536,0.020263458,0.016566724,0.020867897,0.01972407,0.016097447,0.02387781,0.024032997,0.01867446,0.023003928,0.018356912,0.018446665,0.016189791,0.01649126,0.017670177,0.021497002,0.024631077,0.024754029,0.019087985,0.018652195,0.018681487,0.01671995,0.02221079,0.021023484,0.024825154,0.017541222,0.02445397,0.017956028,0.016188622,0.024298126,0.020145131,0.023857413
1,0.02369861,0.0253226,0.021921976,0.023154616,0.025968136,0.023435807,0.022912579,0.016432896,0.021147605,0.019252395,0.01819829,0.017103305,0.020632776,0.018360088,0.022371648,0.021981066,0.018024066,0.016384868,0.020864453,0.016961398,0.020972744,0.020077419,0.016206067,0.02377684,0.023872422,0.018748527,0.022777587,0.018612875,0.018792972,0.016614854,0.016612565,0.017543513,0.02114754,0.023879072,0.024208872,0.018884659,0.018542398,0.018613705,0.016749294,0.021900548,0.020602837,0.024333494,0.017582167,0.023866005,0.017939374,0.016104957,0.023712248,0.01992646,0.023268858
2,0.023602432,0.024699897,0.021932052,0.023170553,0.025882775,0.023378223,0.023432432,0.01673989,0.021548834,0.019618487,0.018851047,0.017533887,0.021094725,0.018568233,0.02221834,0.02198236,0.018401647,0.016874274,0.021291932,0.017293287,0.020966409,0.020357018,0.016453646,0.02360237,0.023663545,0.018830571,0.022594584,0.018779438,0.018930193,0.016995974,0.016713424,0.017468642,0.020961178,0.023252519,0.02364215,0.018683935,0.018522829,0.018436749,0.01667897,0.021517124,0.020246055,0.023820903,0.01761075,0.023458784,0.017933328,0.01605952,0.023169491,0.019716203,0.022818416
3,0.023678012,0.02413779,0.022049762,0.022989683,0.025888512,0.02341697,0.023958186,0.017138556,0.021848673,0.020085853,0.019405005,0.017995365,0.021553282,0.018820519,0.02212888,0.021944864,0.01880398,0.0172801,0.021723036,0.01763127,0.020986404,0.020604772,0.016638048,0.023458898,0.023455305,0.018819464,0.022482488,0.018881857,0.01902639,0.017273834,0.016796032,0.01741169,0.020656338,0.022714918,0.023078095,0.0184092,0.01834904,0.018271726,0.016582612,0.021175513,0.019921962,0.02341851,0.017575355,0.023000527,0.017917812,0.016022269,0.022694279,0.019476308,0.022422021
4,0.02376185,0.023612443,0.02206448,0.022971742,0.025789218,0.023497937,0.024432203,0.0175441,0.022227641,0.020544084,0.020030979,0.018526081,0.021903012,0.019087143,0.021977482,0.021990065,0.019163908,0.017671997,0.022037925,0.018015679,0.020920984,0.020913964,0.016837548,0.023263976,0.023147762,0.01884916,0.022385119,0.019017437,0.019125616,0.01750351,0.016835693,0.017321177,0.020415168,0.022127379,0.022532811,0.018187735,0.018297043,0.01809749,0.016505834,0.020847624,0.019573014,0.022920778,0.01751672,0.022614852,0.01786809,0.015926452,0.022258392,0.01925246,0.022086225
5,0.02383517,0.023176095,0.02206351,0.022902701,0.025839943,0.023560166,0.024959693,0.01788255,0.02254087,0.02099451,0.020583441,0.019028066,0.022245828,0.019291775,0.0219221,0.021937719,0.019450648,0.018080147,0.022313513,0.018343344,0.020963332,0.02109402,0.01709664,0.023107048,0.023032565,0.0189088,0.02234278,0.019039463,0.01920445,0.01766696,0.016889645,0.017185204,0.020169212,0.02162799,0.021986645,0.017895529,0.018214585,0.017965294,0.016369572,0.020541014,0.019269828,0.022440258,0.017568355,0.022276992,0.017831301,0.015838537,0.021770187,0.019031728,0.021720273
6,0.023896823,0.022795578,0.022192445,0.022834193,0.025775084,0.023475746,0.025370577,0.018231241,0.022861028,0.021322781,0.021179868,0.019391332,0.02255595,0.019492682,0.02183348,0.02196078,0.019694367,0.01845127,0.022569183,0.018667271,0.020945802,0.021371765,0.01729875,0.023091022,0.02286571,0.018949213,0.022316912,0.019204913,0.019281412,0.01784131,0.016996479,0.017078348,0.01994607,0.02104732,0.021474788,0.01767669,0.018080933,0.017853782,0.01628929,0.020359227,0.01897534,0.022031637,0.017550522,0.02190756,0.017830145,0.015677288,0.021355579,0.018786823,0.021363689
7,0.02390258,0.022340994,0.022254383,0.0229343,0.025860045,0.023610009,0.025769088,0.01857884,0.023185292,0.021721475,0.021698194,0.019956514,0.02291977,0.019640462,0.02176965,0.022000358,0.019952698,0.018792914,0.022718364,0.018975738,0.020944344,0.021651197,0.01753096,0.022942139,0.022615528,0.018976083,0.022313913,0.019235626,0.01933402,0.017992938,0.017004715,0.0169371,0.019827016,0.02064349,0.020975202,0.017323619,0.017880732,0.017758338,0.016188683,0.020064889,0.018700086,0.021647004,0.017409235,0.021550043,0.01782438,0.015558664,0.020937782,0.018523945,0.021126712
8,0.0240466,0.021980602,0.022283455,0.022870747,0.02577033,0.023672111,0.026288254,0.01900407,0.02345791,0.022124952,0.022219103,0.02043949,0.02303793,0.019835325,0.021671833,0.022113463,0.020253278,0.019080011,0.023007056,0.019216381,0.020827116,0.021915676,0.017706428,0.022825453,0.02251762,0.019006236,0.022260288,0.019360097,0.019378502,0.018075475,0.017208489,0.016768573,0.01959684,0.020209895,0.020546122,0.017039528,0.017718766,0.017577542,0.016034149,0.01984745,0.018439068,0.021248434,0.017367674,0.021178259,0.017713642,0.015426898,0.020577034,0.018373234,0.020882566
9,0.024143627,0.021724513,0.022354404,0.022917459,0.025848642,0.023749258,0.026634252,0.019330822,0.023640469,0.022507943,0.022698892,0.020901207,0.023345796,0.02003353,0.02162111,0.022079239,0.020449106,0.01931207,0.023103831,0.019444678,0.020843223,0.022132622,0.01791195,0.022768747,0.022371305,0.019005109,0.022328535,0.01937179,0.019457744,0.01812016,0.017242538,0.016671265,0.01938219,0.019722022,0.020090388,0.016806558,0.017589115,0.017464008,0.015890801,0.019644089,0.018169222,0.020869955,0.017338289,0.020845506,0.017719533,0.015332859,0.020263953,0.018184677,0.020620968
10,0.024252422,0.021375418,0.0224615,0.022928271,0.025824482,0.02385791,0.027048564,0.019659743,0.023938684,0.022840852,0.023160314,0.021421934,0.023582997,0.020153895,0.021518895,0.022073735,0.020714413,0.01951922,0.023251912,0.019612985,0.02089451,0.022254437,0.017995104,0.02269636,0.022229783,0.018976517,0.022391632,0.01939319,0.019436907,0.018155282,0.017250562,0.016512739,0.019204851,0.019378746,0.019646304,0.016540485,0.017526856,0.01734344,0.015829558,0.019407725,0.017956542,0.02053798,0.017317912,0.020570053,0.017691437,0.015182734,0.019998178,0.017988801,0.02049334
11,0.024372233,0.02116923,0.02253915,0.02286707,0.025930142,0.023849335,0.02736706,0.019914994,0.02412013,0.023170842,0.023617215,0.021879647,0.023772575,0.020311257,0.021568159,0.022236133,0.020902934,0.019659722,0.023389874,0.019905569,0.020817168,0.022481447,0.018173551,0.022608439,0.022093723,0.019094257,0.022454804,0.019462023,0.019524977,0.018177805,0.017322307,0.016358336,0.018974895,0.01903281,0.019208632,0.016295489,0.017361494,0.017178364,0.01573506,0.01920303,0.017689472,0.02025709,0.017290084,0.02031228,0.0176324,0.015042197,0.019656686,0.017751377,0.02026649
12,0.024407888,0.020945655,0.022671362,0.02298982,0.026019618,0.024005746,0.02771622,0.020266458,0.0242865,0.023632918,0.024077915,0.022358337,0.023856588,0.020525139,0.021449268,0.022314651,0.021045364,0.019855464,0.02340384,0.020110724,0.020746514,0.022649527,0.018335417,0.022538882,0.022042317,0.019010616,0.022520015,0.019550068,0.019451292,0.018162992,0.017267406,0.01624675,0.0187519,0.01864217,0.018869841,0.01609776,0.017272336,0.017078372,0.015647609,0.019052628,0.017469808,0.019873342,0.017203972,0.020022433,0.017638726,0.014930788,0.019374695,0.017540278,0.020072157
13,0.024512997,0.020705488,0.02270115,0.023012703,0.026107064,0.024111891,0.028086305,0.020573378,0.024575498,0.024019504,0.024389245,0.022851057,0.024042003,0.020670569,0.021477895,0.022321112,0.021150472,0.019968137,0.023515373,0.02027258,0.02068964,0.022795824,0.01848143,0.022454252,0.02196629,0.019045481,0.022516243,0.019617276,0.019454647,0.018155724,0.0173058,0.01612568,0.018605366,0.01834224,0.018458396,0.015837207,0.01715493,0.016986735,0.0155005595,0.018876927,0.017240236,0.019585382,0.017148003,0.019806324,0.017591435,0.014787841,0.019112129,0.017367667,0.019925972
14,0.024573566,0.02052166,0.022874705,0.023087557,0.026136838,0.02421028,0.028376548,0.02087266,0.024591824,0.024242843,0.024735905,0.023273915,0.024063881,0.02081923,0.021418449,0.022428855,0.021329546,0.020150231,0.023627324,0.020514894,0.020685064,0.022811947,0.018584114,0.022427745,0.021883875,0.019083632,0.022651263,0.019646592,0.019482624,0.018144967,0.017380057,0.015947683,0.018423326,0.018011479,0.018184854,0.01562431,0.017004637,0.016847465,0.015445834,0.018739538,0.017069547,0.019337839,0.017096907,0.019582553,0.017510338,0.014686314,0.018867146,0.017232345,0.019755295
15,0.02459648,0.020351531,0.022923501,0.023129774,0.026233027,0.024331529,0.028541356,0.021133399,0.024896363,0.024574235,0.02504033,0.023671538,0.024178442,0.020968216,0.021357741,0.022575585,0.021486865,0.020312432,0.023648169,0.02054772,0.020546712,0.023039328,0.01869996,0.022392426,0.021791393,0.019025244,0.022678003,0.019737132,0.019415012,0.01812628,0.017442437,0.015896656,0.01832565,0.017701972,0.017876914,0.015443569,0.016903063,0.01673851,0.015417201,0.018561874,0.016858008,0.019111669,0.017050637,0.019350668,0.017506642,0.014585126,0.018657522,0.017050333,0.019571789
16,0.024800202,0.020192444,0.022923367,0.023137558,0.026156707,0.024378294,0.028823229,0.021472896,0.0249441,0.024956359,0.025306055,0.02411802,0.0242881,0.021052768,0.02131221,0.022588098,0.021580942,0.020432362,0.02386473,0.020717919,0.020479653,0.023136891,0.01877547,0.02235267,0.02173084,0.019103076,0.022729658,0.01981341,0.019386193,0.018118268,0.01755689,0.015735142,0.01814904,0.017487645,0.017551485,0.015261938,0.016819756,0.016590457,0.015386369,0.018412078,0.016605657,0.018886732,0.017032547,0.019132603,0.017488154,0.014481741,0.018471893,0.016845401,0.019431936
17,0.02492506,0.020074453,0.023028724,0.023099052,0.026237521,0.024575172,0.02900456,0.021778725,0.025121756,0.025240662,0.025555333,0.02456072,0.024347324,0.021109084,0.021317104,0.02264195,0.021678444,0.02042099,0.023965746,0.020845603,0.02045517,0.023133412,0.018900972,0.022318125,0.021708075,0.01907996,0.02274696,0.019849451,0.019354295,0.018065048,0.017620692,0.015652912,0.01794229,0.01723435,0.017297199,0.015087798,0.016705966,0.016509775,0.015274555,0.018335054,0.0164764,0.018620083,0.016907485,0.018981028,0.01748029,0.014397219,0.018296719,0.016690439,0.019350389
18,0.024931502,0.019944515,0.023154374,0.023176143,0.026335862,0.02466863,0.029226182,0.022054506,0.025235001,0.025533672,0.025717005,0.024947755,0.024462862,0.021243792,0.02125129,0.022722567,0.021817394,0.020544168,0.024021473,0.020923896,0.020379495,0.023178874,0.01900061,0.022326078,0.02159535,0.019062266,0.022901084,0.01989092,0.019299792,0.018056452,0.01765229,0.015484266,0.0178823,0.016946588,0.01703411,0.014884899,0.01664788,0.016413143,0.015225365,0.018217862,0.016315255,0.018438172,0.016895467,0.018835152,0.017436512,0.014245931,0.018091902,0.016576339,0.019173037
19,0.02501582,0.019779392,0.023268873,0.023206545,0.026418576,0.024706172,0.02926829,0.022289133,0.025450448,0.025761059,0.025871722,0.025321325,0.024486065,0.021332636,0.021322636,0.022781644,0.021941831,0.020665536,0.024063425,0.021014914,0.020340703,0.023285173,0.019058192,0.022269035,0.021587675,0.01905842,0.022882082,0.019946484,0.019277684,0.018017948,0.017648429,0.015418889,0.017745435,0.016742887,0.016822236,0.01476815,0.016473526,0.016326323,0.015176299,0.018086396,0.01613019,0.018247925,0.016848288,0.018709691,0.017480882,0.014186799,0.017911484,0.016536819,0.019049885
20,0.02508,0.019717364,0.023391481,0.02347682,0.026598256,0.024799049,0.02963648,0.022444114,0.025505695,0.026304357,0.026327193,0.02557115,0.02448355,0.021410543,0.021254273,0.022805342,0.022001192,0.020722313,0.02411039,0.021140477,0.020255731,0.02330563,0.0190891,0.022142174,0.021507878,0.019057615,0.022878714,0.020180844,0.019176885,0.018013617,0.017636867,0.015305449,0.017587995,0.016488077,0.016553998,0.014573072,0.016416349,0.016179454,0.01507854,0.017971331,0.015979627,0.018070744,0.016777797,0.01851731,0.017404312,0.014030534,0.017690135,0.01640087,0.018949278
21,0.025132101,0.019702457,0.023476502,0.02339635,0.026509337,0.024962636,0.029593315,0.02274369,0.025680097,0.026482644,0.026421346,0.025930427,0.024519796,0.021534285,0.02119057,0.022900628,0.022020116,0.020866416,0.024042146,0.021171857,0.020255802,0.02330509,0.01912342,0.022150356,0.021495268,0.019061385,0.022948075,0.020188617,0.019159708,0.017960545,0.01771374,0.0152503885,0.017506905,0.016284121,0.016358037,0.01446326,0.01636795,0.01612372,0.015103528,0.017912293,0.015876606,0.01790494,0.016792614,0.018418014,0.01742398,0.013980141,0.017515209,0.016300393,0.018779293
22,0.025160905,0.019559307,0.023657748,0.023402235,0.026619675,0.02500629,0.029726628,0.022937441,0.02564384,0.02670584,0.0266025,0.026228113,0.0245687,0.021619935,0.021165766,0.022881053,0.022141453,0.020896865,0.024141995,0.021307774,0.020190861,0.023321552,0.019205015,0.022113642,0.021473484,0.01910461,0.023036003,0.020245971,0.01911995,0.01797541,0.0177151,0.015141299,0.017375587,0.016118458,0.016082356,0.014332695,0.016280541,0.016023796,0.014998337,0.01783383,0.015767502,0.017776517,0.016771585,0.018290153,0.01738975,0.01394007,0.017403623,0.016242653,0.01875557
23,0.025206625,0.019529048,0.023674764,0.023381649,0.026707612,0.025121765,0.029738408,0.023147501,0.025684172,0.026908288,0.026642343,0.026539005,0.024521967,0.021731867,0.021151789,0.022945,0.022211492,0.020928062,0.024292048,0.021363033,0.020217886,0.023366166,0.019315226,0.022127897,0.021323267,0.019128116,0.023214197,0.02023974,0.019101838,0.017902197,0.017729098,0.015031908,0.017311983,0.015995039,0.015895087,0.01420454,0.01623004,0.015963886,0.014957857,0.017765157,0.015683262,0.017624523,0.016717777,0.018186081,0.017427916,0.013892133,0.017249892,0.016122857,0.018648092
24,0.025210587,0.019457437,0.023844436,0.023378827,0.026685806,0.025248673,0.02971818,0.023375705,0.025789768,0.02706878,0.026673581,0.026778549,0.024627853,0.02178358,0.021086378,0.023002418,0.022282422,0.021030424,0.02430548,0.021414848,0.020175057,0.0233837,0.019291384,0.022063468,0.021331439,0.019142209,0.02327281,0.020242784,0.01902476,0.017873313,0.0178447,0.015003532,0.017276904,0.01584575,0.01575332,0.0141396485,0.01614249,0.015844997,0.014944196,0.017737124,0.015516376,0.017513417,0.016688487,0.018130388,0.017405532,0.013889075,0.017138133,0.016073307,0.018547973
25,0.02518529,0.019523794,0.023928776,0.023351938,0.026809031,0.025316587,0.029685428,0.023549175,0.026042057,0.02728971,0.02680437,0.0269872,0.024587726,0.021853969,0.021165606,0.022970622,0.022368595,0.020986965,0.024373146,0.021431029,0.02018786,0.023297355,0.019299608,0.022153214,0.021296639,0.019069253,0.023280017,0.02025278,0.019103521,0.01785657,0.017825713,0.014958945,0.01717449,0.015701434,0.015590145,0.014078682,0.01606498,0.015771557,0.014895707,0.017641617,0.015444647,0.017428834,0.016737469,0.018027935,0.017305754,0.013848479,0.016996644,0.015997373,0.018501703
26,0.025254933,0.01944023,0.024137232,0.023419252,0.026744675,0.025330665,0.02965598,0.02367539,0.026098173,0.027334552,0.026807329,0.027175752,0.024631523,0.021911774,0.02112837,0.022970129,0.02253662,0.021109343,0.024493022,0.021545812,0.02014641,0.023253458,0.01938383,0.022098556,0.021348936,0.018988837,0.023334092,0.020313727,0.019119965,0.01781761,0.01786052,0.0149591835,0.017132003,0.015498011,0.015467425,0.014000069,0.015995614,0.015732963,0.0148586305,0.017595116,0.015369768,0.017329331,0.016697817,0.017953834,0.017320275,0.013813127,0.016916668,0.015964687,0.018328698
27,0.025262313,0.019496365,0.024223877,0.023356626,0.026918678,0.025367325,0.02970982,0.023838297,0.026243642,0.027477708,0.026885984,0.027376432,0.024579357,0.021992233,0.021201022,0.023081142,0.022513343,0.021111302,0.024551336,0.021557031,0.020184884,0.023284478,0.01939228,0.022079369,0.021293106,0.018972661,0.023319872,0.020287773,0.019023575,0.017823528,0.017875938,0.014860966,0.017105734,0.015370835,0.01535897,0.01392167,0.01599381,0.015677104,0.014830818,0.01750434,0.015280706,0.017176365,0.016695986,0.017901408,0.017261822,0.01377778,0.016826024,0.01592496,0.018249352
28,0.02525428,0.019312639,0.024411108,0.023353389,0.026864585,0.02550941,0.029608563,0.024053624,0.026307335,0.02768626,0.026930049,0.027580865,0.02471313,0.021993807,0.02139452,0.023092885,0.022513757,0.021060348,0.024574365,0.021793243,0.020017266,0.02330328,0.019329406,0.022026164,0.02129446,0.019155972,0.02333766,0.020339025,0.019213662,0.017776016,0.0179695,0.014791522,0.0169414,0.0152182225,0.015202337,0.013851611,0.015883181,0.01562568,0.014797906,0.017497918,0.015196787,0.017125187,0.016620554,0.01779488,0.017198473,0.013694607,0.016710982,0.015821958,0.018256346
29,0.025358746,0.019336171,0.024489446,0.023353241,0.02681165,0.025554724,0.029504234,0.024227466,0.026239155,0.02780192,0.026935857,0.027806703,0.02470488,0.022055227,0.021405188,0.023048267,0.02261482,0.021092659,0.024662877,0.021761188,0.02000841,0.023278268,0.019397317,0.02207782,0.021328773,0.019122988,0.023411399,0.02032842,0.019145451,0.017706657,0.017984651,0.014806512,0.016925987,0.015146901,0.0151002845,0.013810493,0.01590024,0.015522368,0.0147559345,0.01747516,0.015110491,0.016971897,0.016553016,0.017773122,0.017294502,0.013735405,0.016606688,0.01577643,0.018180083
30,0.025306206,0.019333128,0.0245864,0.023337523,0.026915308,0.025602108,0.029489478,0.024399428,0.026362902,0.027921772,0.027007908,0.027942622,0.024651734,0.022072392,0.021344867,0.023127679,0.022654671,0.021124408,0.024640761,0.021846551,0.0199246,0.023273883,0.019406032,0.022082547,0.021287147,0.019129967,0.02348359,0.020379145,0.019034501,0.017687118,0.017987054,0.01476459,0.016896075,0.015052848,0.014969526,0.013721403,0.015745921,0.015543576,0.014737675,0.017430795,0.015063876,0.01689292,0.016578745,0.017770236,0.017263006,0.013679443,0.016545655,0.015821984,0.018178415
31,0.025268283,0.019273385,0.024665952,0.02337118,0.026987338,0.025687182,0.029545788,0.024591068,0.026414074,0.02804103,0.026989855,0.028078526,0.024685452,0.02210039,0.021408947,0.023167508,0.022688387,0.021143159,0.02464142,0.021906463,0.019869985,0.023255901,0.019411664,0.02202369,0.02130351,0.019170154,0.023532817,0.020412497,0.01901696,0.01767154,0.018033907,0.0146979205,0.016842222,0.014898586,0.014855993,0.013723997,0.015651178,0.015510447,0.014701687,0.017351164,0.015032943,0.016813284,0.016602427,0.017681023,0.017238118,0.013662141,0.016458416,0.015784645,0.018135825
32,0.025249297,0.019267553,0.024803009,0.023361973,0.027068632,0.025579069,0.02946797,0.024594892,0.026503218,0.028002692,0.027021805,0.028140387,0.024675468,0.022151595,0.021442927,0.02309452,0.022759397,0.021185925,0.024751822,0.021901008,0.019863086,0.02333017,0.019453911,0.022050776,0.021332482,0.019187307,0.023448035,0.020457685,0.019027203,0.017667009,0.018029533,0.014718736,0.016806295,0.014870164,0.01479096,0.013705932,0.015684279,0.015455075,0.01468178,0.017414844,0.015012103,0.016710658,0.016515348,0.0176574,0.017266937,0.013634701,0.01641334,0.01574025,0.018050838
33,0.025326561,0.01925363,0.024833003,0.023328418,0.027012613,0.025785917,0.029464662,0.024857769,0.026526403,0.028197123,0.026979333,0.028401056,0.024711456,0.022107432,0.02138666,0.023109825,0.022697417,0.021115491,0.024726462,0.021819573,0.01991766,0.023304405,0.01944735,0.022016263,0.021360144,0.0191674,0.023496775,0.020461444,0.019004649,0.017644703,0.018054744,0.014690383,0.016778292,0.01476242,0.014669377,0.013653014,0.01568133,0.015389036,0.01470003,0.017409587,0.014954257,0.016638275,0.016548272,0.01763154,0.017253386,0.013596281,0.016339978,0.015720602,0.018067513
34,0.025325883,0.019232295,0.024862267,0.02333687,0.027096238,0.025789078,0.029428488,0.02495405,0.026501628,0.02827052,0.027060052,0.028469365,0.024656354,0.022205412,0.021445492,0.023158576,0.022872543,0.02113426,0.024734152,0.021872604,0.019936543,0.02328935,0.019465527,0.021997737,0.021271372,0.019161994,0.02350332,0.020458715,0.018953903,0.0176306,0.01805748,0.014735652,0.016738841,0.014633692,0.014638933,0.013624432,0.015627848,0.015416042,0.014667775,0.0173687,0.014897783,0.016598176,0.016516449,0.017598065,0.017254848,0.013605482,0.016278658,0.015681192,0.017984783
35,0.025243323,0.0192127,0.025001608,0.023295345,0.02718269,0.025715474,0.0292854,0.024912197,0.026607677,0.028235193,0.027037462,0.02847109,0.024695378,0.02219341,0.021497166,0.023108112,0.02290735,0.021138608,0.024758741,0.021942465,0.019932302,0.023371084,0.019446697,0.0220182,0.021348698,0.019215401,0.0235392,0.020466417,0.018905634,0.017658576,0.018120717,0.014706367,0.016728729,0.014554627,0.014601361,0.013611922,0.01560873,0.015390587,0.014640077,0.017358068,0.014903412,0.016598228,0.016497463,0.017624417,0.017263876,0.0136261005,0.01624647,0.01565155,0.01792362
36,0.025328062,0.01919866,0.025058696,0.023289647,0.027173921,0.02583457,0.029365964,0.025112594,0.026591841,0.02844417,0.027012257,0.028668663,0.024517732,0.022164129,0.021423519,0.023048844,0.022870163,0.021198174,0.02496866,0.021969203,0.019877188,0.023286408,0.019553049,0.021959402,0.021333331,0.019186348,0.023611668,0.020555502,0.018847456,0.017712856,0.018101735,0.01467799,0.01677056,0.014522247,0.014537397,0.013557211,0.015556717,0.01538504,0.014603557,0.017248265,0.014799216,0.01648714,0.016483035,0.017569317,0.017225144,0.013570753,0.016174935,0.015604925,0.017962174
37,0.02536885,0.019232573,0.024948316,0.023208432,0.027133983,0.025888579,0.029422699,0.025229376,0.026635472,0.028537342,0.027115207,0.028708642,0.02454034,0.022294711,0.021352176,0.023130812,0.022817705,0.021188896,0.024873845,0.021867644,0.01990377,0.023332546,0.019524753,0.021996778,0.02135432,0.01919442,0.023536615,0.020529611,0.018828912,0.017641332,0.018165793,0.014690557,0.016688198,0.014455759,0.014510272,0.013574328,0.015489575,0.015397134,0.014617313,0.017305939,0.014693646,0.01646436,0.016528888,0.017509915,0.017289113,0.013568,0.016181817,0.015621125,0.017909674
38,0.025357028,0.019210808,0.02506797,0.02313444,0.027015822,0.025929216,0.029383264,0.025396403,0.026793772,0.0285334,0.027038503,0.028779516,0.0246273,0.022288196,0.021313105,0.023089001,0.022953853,0.021220313,0.02497428,0.021874951,0.01991164,0.023302,0.019592095,0.021963727,0.021285199,0.019175936,0.023677718,0.02044606,0.018850053,0.017643457,0.01815174,0.014706255,0.016686019,0.014425242,0.014428706,0.013524546,0.015522411,0.01541766,0.0145841995,0.017255215,0.014732791,0.016437842,0.016419444,0.017502714,0.017251175,0.013573859,0.016106924,0.015582129,0.017862052
39,0.025214883,0.019195799,0.025129262,0.02312023,0.027415983,0.025790505,0.029409422,0.025378238,0.026741765,0.02870583,0.027341789,0.028760916,0.024528943,0.022248976,0.021656215,0.023040146,0.02294306,0.021180728,0.024937598,0.021882849,0.019869,0.023553165,0.019551083,0.021931335,0.021335633,0.019150352,0.023632143,0.020508531,0.018732233,0.017647384,0.018133655,0.014634169,0.016697552,0.014325876,0.014351122,0.013465651,0.01543515,0.015344114,0.014589986,0.017271107,0.014666005,0.016349848,0.01641818,0.017453592,0.017263833,0.013588622,0.016067866,0.01559474,0.017814917
40,0.025372718,0.019251445,0.025152659,0.023193322,0.027362749,0.025949555,0.029283501,0.025565663,0.02669168,0.02885447,0.027416628,0.029001318,0.024468958,0.022320399,0.021675508,0.023051247,0.022990795,0.021123707,0.02491617,0.02190768,0.019827252,0.023490075,0.019471273,0.021955298,0.021351712,0.019118156,0.023645522,0.020505307,0.01878345,0.017584853,0.018133905,0.014648356,0.016654965,0.014291532,0.014254556,0.013439983,0.015410026,0.015305778,0.014497703,0.017213445,0.014620106,0.016307747,0.01641759,0.017475989,0.017187882,0.013539334,0.015982961,0.015547002,0.017788077
41,0.025341267,0.019235685,0.025185764,0.023106426,0.02740548,0.025953121,0.029246917,0.025644911,0.02694692,0.02886406,0.027289879,0.029015314,0.024530105,0.022397194,0.021621065,0.023078693,0.022976214,0.021252425,0.024889395,0.021851195,0.019884147,0.023531744,0.019460758,0.021983448,0.021233993,0.01910959,0.023595639,0.02056565,0.018768245,0.017566735,0.018157646,0.014585317,0.01658167,0.014165621,0.014199307,0.013380995,0.015429123,0.015308909,0.0144993765,0.017351557,0.014695286,0.016300524,0.016374167,0.017433729,0.01729136,0.013481563,0.015932882,0.015562868,0.01773609
42,0.025300158,0.019268654,0.025209706,0.023196725,0.027434275,0.025981849,0.029134983,0.025731549,0.026697787,0.02879796,0.027323361,0.029052075,0.024473751,0.022301853,0.021618003,0.023142906,0.022998923,0.021233791,0.02501386,0.021921992,0.01989887,0.02357557,0.019529164,0.021995222,0.021124419,0.019143354,0.023703165,0.020588256,0.01863509,0.017517788,0.018144578,0.014601117,0.016590687,0.014205625,0.014161599,0.013341623,0.015412142,0.015369233,0.014516822,0.017319417,0.014638537,0.016257659,0.016416213,0.017444653,0.017352454,0.013492651,0.015915267,0.015521317,0.017753232
43,0.025341574,0.019272828,0.025302727,0.023173466,0.027437115,0.026024763,0.029103154,0.025829567,0.02670288,0.028846473,0.027282573,0.029152207,0.024545755,0.02227015,0.0216136,0.023158554,0.023060212,0.021244282,0.025041737,0.021903628,0.019884288,0.02352234,0.019539177,0.021942634,0.021141052,0.019093987,0.023710413,0.020601327,0.018633546,0.017550826,0.018207882,0.014587305,0.016593827,0.014151948,0.014079163,0.013349422,0.01534515,0.015330334,0.014524491,0.017303212,0.01462206,0.016218094,0.016348345,0.017451188,0.017303258,0.013504222,0.015892379,0.015493925,0.0177668
44,0.025199745,0.019323584,0.025228439,0.023122663,0.027444737,0.025884872,0.029209869,0.025755111,0.026786573,0.028718147,0.027287116,0.029042874,0.02445691,0.022349622,0.02161005,0.023123434,0.023130339,0.021272054,0.025093071,0.021973724,0.019893713,0.02350555,0.019512964,0.021999676,0.021232873,0.019125214,0.023696259,0.020590588,0.0186715,0.017596852,0.018133273,0.014625406,0.016622005,0.014123185,0.014081258,0.013372584,0.015379269,0.015322946,0.0145393405,0.017261004,0.014548674,0.016218167,0.016389292,0.017467566,0.01730664,0.013568142,0.015901662,0.015531971,0.017769575
45,0.025218094,0.019309163,0.02526182,0.023139413,0.027415454,0.025943497,0.029172678,0.025863795,0.026808439,0.02878304,0.027198382,0.029192513,0.024351168,0.022437224,0.021637041,0.02308854,0.023143716,0.021233212,0.025021926,0.02198178,0.019895697,0.023364905,0.01950105,0.022034012,0.021296933,0.019133186,0.023762884,0.020599805,0.01866533,0.017620364,0.018215792,0.014611793,0.016608614,0.014104999,0.014066224,0.013345354,0.015356047,0.01526884,0.0144584505,0.01726469,0.014553707,0.016188763,0.016407624,0.017508326,0.017314008,0.01342876,0.01591676,0.015517574,0.01778862
46,0.025253369,0.01937521,0.025260402,0.023141231,0.027383182,0.026009137,0.029257897,0.026002707,0.026822083,0.028879486,0.027116464,0.029242735,0.024385089,0.022401828,0.02163696,0.023104217,0.023102408,0.021193834,0.025084108,0.021851422,0.019886257,0.023315696,0.019540032,0.022004899,0.021253057,0.019132981,0.023772195,0.020600691,0.018655267,0.017611315,0.018214472,0.014597606,0.016629294,0.014069442,0.014052317,0.013355476,0.015363498,0.015258964,0.014478288,0.017179899,0.01455542,0.016152715,0.016384754,0.017510073,0.017256271,0.013447401,0.015884629,0.0155431675,0.017790092
47,0.025298499,0.01932564,0.025387766,0.023189453,0.02744281,0.025970291,0.029258577,0.026019068,0.026774138,0.028922308,0.02718376,0.029332124,0.024362937,0.022412688,0.021546425,0.02313838,0.023154315,0.021236438,0.025055982,0.021981612,0.01991036,0.02337023,0.019454591,0.02200078,0.021256158,0.019069765,0.023792142,0.02062187,0.01862979,0.017615689,0.018192846,0.014591926,0.016567547,0.014000139,0.014010364,0.013352753,0.015342531,0.015250344,0.014445876,0.017214496,0.014574014,0.016121982,0.016380057,0.0174923,0.017218407,0.0134435445,0.01581673,0.015484146,0.017785432
48,0.025296686,0.019389875,0.02531991,0.023186265,0.027412688,0.025972914,0.02921491,0.026035946,0.026727548,0.028928502,0.027160596,0.029326411,0.02439629,0.022429807,0.021591043,0.023039576,0.02307327,0.021201545,0.02520351,0.02181056,0.019927591,0.02330339,0.019543918,0.02203571,0.021270448,0.019146858,0.02385152,0.020722365,0.018717183,0.01768472,0.01814527,0.014570806,0.016610978,0.013940823,0.013970051,0.013286629,0.015320626,0.01522815,0.014452798,0.017222393,0.014592336,0.016104609,0.01638037,0.017467124,0.017196767,0.01341659,0.015839519,0.015521644,0.0178109
49,0.025294429,0.019336445,0.025464268,0.023150617,0.02745095,0.025988648,0.029285384,0.026079379,0.026897458,0.028952021,0.027136633,0.029405875,0.02426396,0.022393227,0.021594413,0.02307542,0.023150278,0.021189436,0.02513575,0.021907348,0.019937465,0.0233463,0.019542016,0.022069776,0.021219945,0.01919473,0.023793414,0.020579902,0.01868035,0.017672848,0.018170012,0.014548227,0.01661418,0.013954939,0.013948476,0.013288409,0.0152726285,0.015217816,0.014436897,0.017209252,0.014557845,0.01606396,0.016338317,0.017428845,0.017301844,0.01344137,0.015816143,0.015479941,0.017722236
50,0.025322312,0.019320238,0.02550063,0.023175547,0.027482206,0.025969531,0.029216224,0.02613392,0.026832774,0.028933477,0.027255597,0.029421331,0.02425028,0.022486553,0.021552954,0.023139026,0.023190036,0.021150436,0.025153456,0.021959655,0.019900298,0.023355445,0.019540057,0.022007314,0.021149164,0.019228918,0.023848204,0.020609584,0.018675769,0.017657671,0.018234832,0.014515674,0.016556902,0.013930486,0.013913434,0.013285125,0.015284179,0.0151592735,0.014452447,0.017198818,0.014577205,0.016142583,0.016323034,0.017449839,0.017249877,0.013425358,0.01576309,0.015467358,0.017651912
51,0.025250906,0.019341165,0.025514089,0.023137785,0.027600572,0.026004808,0.02924074,0.02614019,0.026923928,0.028958775,0.027154138,0.029523853,0.024260027,0.02252617,0.02153385,0.023172293,0.023172531,0.021177994,0.025140753,0.021887638,0.019892883,0.023277178,0.019546736,0.022063255,0.021165421,0.019173332,0.023839312,0.020553742,0.018819083,0.017622108,0.01812163,0.014511179,0.016519748,0.013899136,0.013899198,0.013281042,0.015280348,0.015186003,0.014436483,0.01717649,0.014539713,0.016194519,0.016389826,0.017436093,0.017198808,0.01344658,0.015772156,0.0154468035,0.017649109
52,0.0251526,0.019355284,0.025593849,0.023155238,0.027584318,0.025866838,0.029292766,0.026043862,0.02678119,0.028933398,0.027253335,0.029439934,0.024273077,0.022493819,0.021573963,0.023168076,0.023206672,0.02118866,0.025138367,0.021868616,0.019948537,0.02334652,0.019554194,0.022061033,0.021264466,0.01904075,0.023774164,0.02067293,0.018716488,0.017657412,0.018188499,0.014530829,0.016578265,0.013883286,0.013889296,0.01326128,0.01535422,0.015200296,0.014450628,0.01716014,0.014526345,0.016165107,0.01642124,0.017502567,0.017229581,0.013450235,0.015682565,0.015461584,0.017663727
53,0.025288472,0.019314036,0.025542421,0.023050744,0.027534666,0.026019866,0.02928253,0.026241539,0.026775781,0.029031657,0.027130246,0.029563434,0.024347147,0.022501374,0.021478325,0.023079945,0.023201369,0.021203086,0.025173316,0.021893514,0.019942462,0.023420902,0.01960475,0.021968575,0.021281961,0.019033646,0.023821412,0.020678863,0.018790327,0.017600864,0.01823529,0.014517808,0.016545052,0.01385528,0.013827381,0.0132719735,0.015327301,0.015138113,0.014458165,0.01722603,0.014514671,0.016144603,0.016377533,0.0174277,0.017197138,0.013439347,0.015674379,0.015424087,0.017600885
54,0.025190232,0.01934584,0.025614321,0.02304825,0.027576601,0.02588772,0.0292255,0.026139675,0.0267265,0.028933842,0.027173223,0.02943516,0.024305684,0.022530723,0.021552816,0.023093818,0.023229675,0.021222325,0.025319476,0.021894094,0.019932337,0.023358913,0.019546112,0.022026883,0.021285152,0.01911694,0.023761846,0.020677984,0.018755225,0.017657163,0.018157275,0.014531146,0.016567126,0.0138410935,0.01386892,0.0132894125,0.015354334,0.015166997,0.01445949,0.017188016,0.014510428,0.01617351,0.016373156,0.017430518,0.017188454,0.013503216,0.01569918,0.015503786,0.017629912
55,0.025247168,0.01927392,0.025648175,0.023083294,0.027545206,0.026002018,0.029271737,0.026242673,0.026830515,0.029032769,0.02708783,0.029547812,0.024302648,0.02248067,0.021557417,0.02310038,0.023179568,0.02116132,0.025252514,0.021854952,0.019886253,0.023369208,0.01956444,0.022032874,0.021289103,0.01911016,0.023750843,0.020740075,0.01874462,0.017538637,0.018231189,0.0145112295,0.01658649,0.01381208,0.013833815,0.013253094,0.015311859,0.015164699,0.014452626,0.017253544,0.01451134,0.016087027,0.016407883,0.017419674,0.017238535,0.013447882,0.015690431,0.015479098,0.017578745
56,0.02527229,0.019341499,0.025645602,0.02312523,0.02756277,0.026081655,0.029197028,0.026316663,0.026823761,0.029112877,0.027114617,0.029617986,0.024307398,0.022420036,0.021551538,0.02314977,0.023234861,0.021156615,0.025238657,0.021869633,0.019870564,0.023347935,0.019514088,0.021963464,0.021277562,0.019047946,0.023798611,0.020732414,0.01874461,0.017596085,0.018233666,0.014483502,0.01653864,0.013801827,0.013761202,0.013271098,0.01527747,0.015147167,0.01449363,0.0172122,0.01452351,0.016091764,0.016375361,0.017391695,0.017189348,0.01344969,0.015674166,0.015456006,0.017594224
57,0.025262125,0.019340584,0.025784161,0.02307513,0.027478233,0.026033511,0.02913173,0.026320234,0.026806867,0.02916638,0.027135555,0.02959725,0.024248304,0.022534085,0.021565694,0.023123762,0.023202395,0.021110216,0.025327541,0.021853436,0.019918012,0.023342377,0.019564742,0.021827767,0.021289464,0.01902744,0.023801597,0.020720506,0.018777184,0.017632622,0.018219465,0.014543761,0.016545797,0.013694386,0.013781015,0.013261573,0.015286166,0.0151463095,0.014464943,0.017216092,0.014521268,0.016082933,0.016390678,0.017416365,0.017192425,0.013496743,0.015660997,0.015452124,0.017628165
58,0.025135845,0.019378236,0.025762696,0.023168242,0.027485006,0.025930606,0.029177953,0.02625702,0.026883038,0.029046683,0.027176455,0.029542582,0.024429208,0.022494936,0.021622114,0.023099985,0.023222446,0.021160811,0.025225762,0.021838937,0.01988131,0.023329824,0.019553125,0.021878382,0.021372767,0.019104918,0.023795322,0.020777859,0.018773511,0.017571086,0.01824623,0.014509978,0.01660497,0.013678964,0.013754446,0.013314427,0.015273998,0.015182419,0.014443451,0.017177982,0.014502836,0.016013734,0.016355786,0.017359922,0.017202564,0.013499671,0.015694806,0.015497339,0.01760976
59,0.025103176,0.01935695,0.025780195,0.023112787,0.027515488,0.026032781,0.029213324,0.026364386,0.026876662,0.029037666,0.027210526,0.029574364,0.024380494,0.0223753,0.021565937,0.023111941,0.023192838,0.021061646,0.025267787,0.021884516,0.019963343,0.023265373,0.019536316,0.021966388,0.021369418,0.019030977,0.023824533,0.020721942,0.01877719,0.017650269,0.018233243,0.014525713,0.01661877,0.013686091,0.013769233,0.013264211,0.015300837,0.015214779,0.014396953,0.017100563,0.014509861,0.016037162,0.016337026,0.017461544,0.017172465,0.013470933,0.015659958,0.015492861,0.017623303
60,0.025104187,0.01934023,0.02581173,0.023077475,0.027506998,0.0260727,0.029139947,0.026301371,0.026932992,0.029024117,0.027148014,0.029548978,0.02436382,0.022338273,0.021643601,0.023191275,0.023223534,0.021010851,0.025318377,0.021895386,0.019967265,0.023353107,0.019540897,0.02192554,0.021285119,0.019036112,0.023819355,0.020702882,0.018766092,0.017599285,0.018242242,0.014523972,0.016604943,0.0136740375,0.013743336,0.0132664135,0.015253343,0.015276963,0.014444333,0.01709171,0.014496793,0.016001169,0.016397819,0.017440649,0.017163258,0.013489205,0.01572304,0.01553752,0.017639795
61,0.025112191,0.019361064,0.025832312,0.02308834,0.027455492,0.026021667,0.029214067,0.02633474,0.026954306,0.029098162,0.02718424,0.02960498,0.024244765,0.022358863,0.021600582,0.023088412,0.02323082,0.02107361,0.025328316,0.021868214,0.020013765,0.023347858,0.019585973,0.021906393,0.021315055,0.019012047,0.023833012,0.02076002,0.01881048,0.017628746,0.018219264,0.014496778,0.016632892,0.013652526,0.013698686,0.013233934,0.015297921,0.015211709,0.014396524,0.01706981,0.014521639,0.015961934,0.016374905,0.017466478,0.017125254,0.013469005,0.015738111,0.015486403,0.017677648
62,0.02523061,0.019386152,0.025856076,0.023111133,0.027439017,0.026055885,0.029199624,0.026380524,0.026894532,0.029097669,0.027149212,0.029715525,0.024300491,0.02229007,0.021605607,0.023132272,0.02324979,0.0209929,0.025260182,0.021953436,0.01998129,0.023353044,0.019554261,0.021929445,0.02128945,0.019058753,0.023675516,0.020777741,0.018796936,0.017627938,0.018170122,0.014547094,0.016632373,0.013597538,0.013618542,0.013238713,0.015209679,0.0151734175,0.014438097,0.017079245,0.014532513,0.01593131,0.016357588,0.017483238,0.017180087,0.013501506,0.01577848,0.015514117,0.017671268
63,0.025157314,0.019349452,0.025837166,0.02304722,0.027300144,0.026041104,0.029198585,0.026456445,0.02699496,0.029085243,0.027015043,0.029644992,0.024270853,0.022382136,0.021608535,0.023072006,0.023249691,0.021047238,0.025317866,0.021846691,0.019983929,0.023390856,0.019577742,0.021956291,0.021334013,0.019080434,0.023770824,0.020813372,0.018784115,0.017664356,0.018175092,0.014511732,0.016654981,0.013656419,0.013671085,0.013235696,0.015247067,0.015255876,0.014406324,0.017119009,0.014471191,0.015929317,0.01636104,0.017428773,0.017156342,0.013514374,0.015754867,0.015519315,0.017652942
64,0.025155362,0.019411845,0.025893385,0.023100019,0.02742693,0.026143253,0.029310985,0.026455857,0.026919667,0.02910056,0.027088359,0.02972615,0.024286984,0.02235646,0.021552691,0.023020342,0.02332156,0.02103085,0.02527152,0.02188598,0.01995247,0.023369271,0.019560918,0.02188661,0.02134978,0.019016985,0.023787405,0.020876897,0.018763648,0.017577128,0.018193675,0.014522234,0.016625902,0.013664969,0.013588889,0.013194516,0.015244931,0.015214525,0.014416245,0.017113006,0.014486937,0.015919333,0.01636036,0.017364424,0.017133228,0.013485892,0.01572871,0.0154684745,0.017673781
65,0.025182141,0.019481989,0.02595423,0.023081275,0.02733051,0.026112232,0.02915283,0.026457585,0.02691709,0.029114654,0.02713295,0.02972057,0.024356056,0.02242387,0.021573694,0.02308069,0.023321424,0.021114513,0.025237605,0.021959301,0.019868134,0.023363527,0.01951117,0.021912714,0.021303268,0.019008597,0.023695532,0.020881724,0.018793298,0.017633006,0.01820613,0.01447978,0.01658298,0.013600566,0.013603044,0.013225774,0.015213635,0.015211863,0.014435527,0.017127769,0.014404712,0.015934078,0.016361544,0.017414639,0.017079512,0.013493849,0.015760297,0.015541065,0.017647093
66,0.025150983,0.019450575,0.025913274,0.023114234,0.027322916,0.026112568,0.02917306,0.026433248,0.026957644,0.02908722,0.027062425,0.029728506,0.024305219,0.022475025,0.021610867,0.02307477,0.023355592,0.021005416,0.025241291,0.021978708,0.019858802,0.023335658,0.01954639,0.021917773,0.021345254,0.01906016,0.023764906,0.020912973,0.018807039,0.017649826,0.018250117,0.0145270685,0.016596286,0.013538694,0.0136277815,0.013210472,0.015202158,0.015202386,0.0144344,0.017164653,0.014443041,0.015924523,0.016365753,0.017432492,0.017129673,0.013468079,0.015693763,0.015378737,0.017657626
67,0.025143718,0.01952896,0.025872646,0.02312347,0.027342908,0.026090307,0.029263077,0.026343288,0.026950382,0.02907705,0.027013132,0.0297814,0.024269287,0.02247822,0.021549158,0.023135135,0.023351766,0.02100877,0.02517537,0.021963518,0.019862846,0.023306975,0.01954795,0.021855887,0.02132449,0.01905156,0.023832375,0.020884734,0.018799687,0.017751347,0.01818595,0.014552723,0.016584454,0.013615073,0.013617221,0.013209883,0.0151850805,0.015238925,0.014476891,0.017154392,0.0143678235,0.01594743,0.01642717,0.017415164,0.01712417,0.01348816,0.015765535,0.015331527,0.017633086
68,0.025156453,0.019638777,0.025891367,0.023181653,0.027329462,0.02602608,0.029267507,0.026322339,0.026997648,0.029090315,0.0270492,0.029790154,0.024386678,0.022301009,0.021675875,0.023039827,0.023276692,0.020962775,0.02554339,0.021975884,0.019779554,0.023293277,0.01965407,0.02199833,0.021431077,0.019160002,0.023886574,0.020825863,0.01875758,0.017761044,0.018188244,0.01447715,0.016547166,0.013607186,0.013605796,0.01318045,0.015165935,0.015150352,0.0143617485,0.017085092,0.01436183,0.015891884,0.016337678,0.017374706,0.017072821,0.013460734,0.015696988,0.015301554,0.017682262
69,0.0251637,0.01968074,0.025917318,0.023119677,0.027361808,0.026020652,0.029167615,0.026404958,0.026880292,0.029097306,0.027158614,0.029727602,0.024332467,0.022429131,0.021696445,0.023031224,0.02321893,0.021036994,0.025497405,0.021951832,0.01982335,0.023314863,0.019646697,0.021987047,0.021307332,0.019192869,0.02391481,0.020850088,0.018694011,0.017749626,0.018193958,0.014426707,0.01653176,0.013587682,0.013586608,0.013213937,0.015193473,0.015158602,0.014424613,0.017095147,0.0143455155,0.01592759,0.016311724,0.017403226,0.01707421,0.013544447,0.015704293,0.015322674,0.017578436
70,0.025088338,0.01958732,0.025892239,0.02329571,0.027358519,0.025960427,0.02935865,0.026300354,0.026887698,0.028996833,0.027109707,0.029788641,0.02447481,0.022401392,0.021647884,0.023110613,0.023315202,0.021183237,0.025502553,0.021984555,0.0198138,0.023285411,0.019629141,0.021972802,0.021254936,0.019127421,0.023966499,0.020805044,0.01873774,0.017709633,0.018155174,0.01447746,0.016543655,0.013574214,0.013601394,0.013201148,0.015159236,0.0151316505,0.01441553,0.0171061,0.01436663,0.015876098,0.016267015,0.017397458,0.017070508,0.013492507,0.015704155,0.01531533,0.017597673
71,0.02517916,0.019594692,0.025875296,0.023180038,0.027355304,0.026026398,0.029337559,0.026399022,0.02686223,0.029030954,0.027086236,0.029905327,0.024472652,0.022432704,0.021599509,0.0230893,0.023293437,0.02120698,0.02545818,0.021962203,0.019836063,0.023238465,0.019564033,0.021974988,0.02130651,0.019141179,0.023915512,0.020791974,0.018734807,0.017706234,0.018147236,0.014488875,0.016554752,0.013584484,0.013571522,0.013189677,0.015129998,0.01515648,0.014402926,0.017091092,0.014388321,0.015910428,0.016308704,0.017380552,0.017079495,0.013492251,0.015662005,0.015284181,0.017620035
72,0.025147613,0.019581705,0.02590086,0.02323174,0.027371475,0.02605965,0.029272977,0.026445681,0.026868224,0.029104948,0.027114676,0.029825037,0.024456818,0.022438824,0.021624671,0.02312728,0.023319952,0.021204961,0.02541132,0.021949064,0.019795964,0.02327936,0.019502379,0.021970402,0.021234788,0.019102687,0.02388901,0.02078886,0.018701833,0.017689174,0.018165657,0.014504743,0.016513078,0.013545169,0.013583964,0.013219791,0.015173131,0.01513027,0.01442897,0.017080301,0.014389218,0.015878532,0.016346818,0.017472431,0.0170664,0.013496113,0.015658822,0.01529497,0.017639672
73,0.02511759,0.019574977,0.025891317,0.023207327,0.027383428,0.026053278,0.029341124,0.02642676,0.02686908,0.029050736,0.027127642,0.02978269,0.024408638,0.022433829,0.021627648,0.023157459,0.023305643,0.021226218,0.025409317,0.02190216,0.019782035,0.023270058,0.019619416,0.021930937,0.021239782,0.019100912,0.02385034,0.020767253,0.018675782,0.017706588,0.018173406,0.01448712,0.01652227,0.013606375,0.013605163,0.01319823,0.015189864,0.015168015,0.014397482,0.01707002,0.014403036,0.015913544,0.016339486,0.017467383,0.017078936,0.013534246,0.015694857,0.015314067,0.017596556
74,0.025049346,0.019542368,0.025900835,0.02323134,0.027372247,0.025852084,0.029315019,0.02634358,0.026852204,0.02891187,0.027071573,0.029701317,0.024396088,0.022429625,0.021646753,0.023171447,0.02328048,0.021242118,0.025371306,0.021923985,0.019823905,0.023210013,0.019518752,0.021979708,0.021269666,0.019097928,0.023883585,0.020766104,0.018727574,0.017709274,0.018198675,0.014509794,0.016648097,0.013580717,0.013647728,0.013239373,0.015157227,0.01513672,0.0144053055,0.01709093,0.014412558,0.015878381,0.016519168,0.01746214,0.017206492,0.013492776,0.015745714,0.015325652,0.01775035
75,0.025165774,0.019717252,0.025815997,0.023272632,0.027380366,0.026024202,0.02925575,0.026472164,0.026694613,0.029064532,0.027134966,0.029808406,0.024573978,0.022490332,0.021753673,0.023105947,0.023219401,0.021163238,0.025602197,0.021849325,0.01980305,0.023248231,0.019449817,0.022044454,0.021199156,0.01905889,0.023914557,0.020682791,0.018669859,0.017672136,0.018117037,0.014496474,0.016613755,0.013531846,0.013585564,0.013191177,0.015179921,0.015088411,0.014385459,0.017100088,0.014411226,0.01579411,0.016403649,0.017479556,0.017180102,0.013492848,0.015649166,0.015286011,0.01770585
76,0.025149621,0.019686656,0.02581621,0.023195924,0.02735345,0.02600086,0.02925334,0.026534185,0.026659993,0.029054606,0.027155366,0.029761795,0.024471905,0.022523783,0.021675566,0.023112165,0.02317781,0.021142486,0.025600722,0.021785896,0.01981728,0.023244865,0.019502014,0.02205737,0.021276005,0.0190726,0.023960937,0.020724481,0.01865649,0.017697837,0.018161073,0.014510632,0.016599879,0.013549751,0.013592036,0.013213426,0.015149414,0.015088074,0.014380919,0.017106408,0.014436541,0.015832175,0.016366737,0.017522592,0.017167341,0.013484174,0.015683271,0.015321278,0.017712029
